,Image,Full SIDC,Hierarchy Code,Name,Geometry,Annex
1,,SFP------------,1.X.1 ,SPACE TRACK,POINT,D
2,,SFP-S----------,1.X.1.1 ,SATELLITE,POINT,D
3,,SFP-V----------,1.X.1.2 ,CREWED SPACE VEHICLE,POINT,D
4,,SFP-T----------,1.X.1.3 ,SPACE STATION,POINT,D
5,,SFA------------,1.X.2 ,AIR TRACK,POINT,D
6,,SFA-M----------,1.X.2.1 ,MILITARY,POINT,D
7,,SFAPMF---------,1.X.2.1.1 ,FIXED WING,POINT,D
8,,SFAPMFB--------,1.X.2.1.1.1 ,BOMBER,POINT,D
9,,SFAPMFF--------,1.X.2.1.1.2 ,FIGHTER,POINT,D
10,,SFAPMFFI-------,1.X.2.1.1.2.1 ,INTERCEPTOR,POINT,D
11,,SFAPMFT--------,1.X.2.1.1.3 ,TRAINER,POINT,D
12,,SFAPMFA--------,1.X.2.1.1.4 ,ATTACK/STRIKE,POINT,D
13,,SFAPMFL--------,1.X.2.1.1.5 ,VSTOL,POINT,D
14,,SFAPMFK--------,1.X.2.1.1.6 ,TANKER,POINT,D
15,,SFAPMFC--------,1.X.2.1.1.7 ,CARGO AIRLIFT (TRANSPORT),POINT,D
16,,SFAPMFCL-------,1.X.2.1.1.7.1 ,CARGO AIRLIFT (LIGHT),POINT,D
17,,SFAPMFCM-------,1.X.2.1.1.7.2 ,CARGO AIRLIFT (MEDIUM),POINT,D
18,,SFAPMFCH-------,1.X.2.1.1.7.3 ,CARGO AIRLIFT (HEAVY),POINT,D
19,,SFAPMFJ--------,1.X.2.1.1.8 ,ELECTRONIC COUNTERMEASURES(ECM/JAMMER),POINT,D
20,,SFAPMFO--------,1.X.2.1.1.9 ,MEDEVAC,POINT,D
21,,SFAPMFR--------,1.X.2.1.1.10 ,RECONNAISSANCE,POINT,D
22,,SFAPMFRW-------,1.X.2.1.1.10.1 ,AIRBORNE EARLY WARNING (AEW),POINT,D
23,,SFAPMFRZ-------,1.X.2.1.1.10.2 ,ELECTRONIC SURVEILLANCE MEASURES,POINT,D
24,,SFAPMFRX-------,1.X.2.1.1.10.3 ,PHOTOGRAPHIC,POINT,D
25,,SFAPMFP--------,1.X.2.1.1.11 ,PATROL,POINT,D
26,,SFAPMFPN-------,1.X.2.1.1.11.1 ,ANTI SURFACE WARFARE/ASUW,POINT,D
27,,SFAPMFPM-------,1.X.2.1.1.11.2 ,MINE COUNTER MEASURES,POINT,D
28,,SFAPMFU--------,1.X.2.1.1.12 ,UTILITY,POINT,D
29,,SFAPMFUL-------,1.X.2.1.1.12.1 ,UTILITY (LIGHT),POINT,D
30,,SFAPMFUM-------,1.X.2.1.1.12.2 ,UTILITY (MEDIUM),POINT,D
31,,SFAPMFUH-------,1.X.2.1.1.12.3 ,UTILITY (HEAVY),POINT,D
32,,SFAPMFY--------,1.X.2.1.1.13 ,COMMUNICATIONS (C3I),POINT,D
33,,SFAPMFH--------,1.X.2.1.1.14 ,SEARCH AND RESCUE (CSAR),POINT,D
34,,SFAPMFD--------,1.X.2.1.1.15 ,AIRBORNE COMMAND POST (C2),POINT,D
35,,SFAPMFQ--------,1.X.2.1.1.16 ,DRONE (RPV/UAV),POINT,D
36,,SFAPMFS--------,1.X.2.1.1.17 ,ANTI SUBMARINE WARFARE (ASW) CARRIER BASED,POINT,D
37,,SFAPMFM--------,1.X.2.1.1.18 ,SPECIAL OPERATIONS FORCE (SOF),POINT,D
38,,SFAPMH---------,1.X.2.1.2 ,ROTARY WING,POINT,D
39,,SFAPMHA--------,1.X.2.1.2.1 ,ATTACK,POINT,D
40,,SFAPMHS--------,1.X.2.1.2.2 ,ANTISUBMARINE WARFARE,POINT,D
41,,SFAPMHU--------,1.X.2.1.2.3 ,UTILITY,POINT,D
42,,SFAPMHUL-------,1.X.2.1.2.3.1 ,UTILITY (LIGHT),POINT,D
43,,SFAPMHUM-------,1.X.2.1.2.3.2 ,UTILITY (MEDIUM),POINT,D
44,,SFAPMHUH-------,1.X.2.1.2.3.3 ,UTILITY (HEAVY),POINT,D
45,,SFAPMHI--------,1.X.2.1.2.4 ,MINE COUNTER MEASURES,POINT,D
46,,SFAPMHH--------,1.X.2.1.2.5 ,COMBAT SEARCH AND RESCUE (CSAR),POINT,D
47,,SFAPMHR--------,1.X.2.1.2.6 ,RECONNAISSANCE,POINT,D
48,,SFAPMHQ--------,1.X.2.1.2.7 ,DRONE (RPV/UAV),POINT,D
49,,SFAPMHC--------,1.X.2.1.2.8 ,CARGO AIRLIFT (TRANSPORT),POINT,D
50,,SFAPMHCL-------,1.X.2.1.2.8.1 ,CARGO AIRLIFT (LIGHT),POINT,D
51,,SFAPMHCM-------,1.X.2.1.2.8.2 ,CARGO AIRLIFT (MEDIUM),POINT,D
52,,SFAPMHCH-------,1.X.2.1.2.8.3 ,CARGO AIRLIFT (HEAVY),POINT,D
53,,SFAPMHT--------,1.X.2.1.2.9 ,TRAINER,POINT,D
54,,SFAPMHO--------,1.X.2.1.2.10 ,MEDEVAC,POINT,D
55,,SFAPMHM--------,1.X.2.1.2.11 ,SPECIAL OPERATIONS FORCE (SOF),POINT,D
56,,SFAPMHD--------,1.X.2.1.2.12 ,AIRBORNE COMMAND POST (C2),POINT,D
57,,SFAPMHK--------,1.X.2.1.2.13 ,TANKER,POINT,D
58,,SFAPMHJ--------,1.X.2.1.2.14 ,ELECTRONIC COUNTER MEASURES (ECM/JAMMER),POINT,D
59,,SFAPML---------,1.X.2.1.3 ,LIGHTER THAN AIR,POINT,D
60,,SFAPW----------,1.X.2.2 ,WEAPON,POINT,D
61,,SFAPWM---------,1.X.2.2.1 ,MISSILE IN FLIGHT,POINT,D
62,,SFAPWMS--------,1.X.2.2.1.1 ,SURFACE/LAND LAUNCHED MISSILE,POINT,D
63,,SFAPWMSS-------,1.X.2.2.1.1.1 ,SURFACE TO SURFACE MISSILE (SSM),POINT,D
64,,SFAPWMSA-------,1.X.2.2.1.1.2 ,SURFACE TO AIR MISSILE (SAM),POINT,D
65,,SFAPWMA--------,1.X.2.2.1.2 ,AIR LAUNCHED MISSILE,POINT,D
66,,SFAPWMAS-------,1.X.2.2.1.2.1 ,AIR TO SURFACE MISSILE (ASM),POINT,D
67,,SFAPWMAA-------,1.X.2.2.1.2.2 ,AIR TO AIR MISSILE (AAM),POINT,D
68,,SFAPWMU--------,1.X.2.2.1.3 ,SUBSURFACE TO SURFACE MISSILE (S/SSM),POINT,D
69,,SFAPWML--------,1.X.2.2.1.4 ,LAND ATTACK MISSILE,POINT,D
70,,SFAPWD---------,1.X.2.2.2 ,DECOY,POINT,D
71,,SFAPC----------,1.X.2.3 ,CIVIL AIRCRAFT,POINT,D
72,,SFAPCF---------,1.X.2.3.1 ,FIXED WING,POINT,D
73,,SFAPCH---------,1.X.2.3.2 ,ROTARY WING,POINT,D
74,,SFAPCL---------,1.X.2.3.3 ,LIGHTER THAN AIR,POINT,D
75,,SFGPU----------,1.X.3.1 ,UNIT,POINT,D
76,,SFGPUC---------,1.X.3.1.1 ,COMBAT,POINT,D
77,,SFGPUCD--------,1.X.3.1.1.1 ,AIR DEFENCE,POINT,D
78,,SFGPUCDS-------,1.X.3.1.1.1.1 ,SHORT RANGE,POINT,D
79,,SFGPUCDS-------,1.X.3.1.1.1.1.1 ,MISSILE,POINT,D
80,,SFGPUCDS-------,1.X.3.1.1.1.1.2 ,GUN,POINT,D
81,,SFGPUCDM-------,1.X.3.1.1.1.2 ,AIR DEFENCE MISSILE,POINT,D
82,,SFGPUCDML------,1.X.3.1.1.1.2.1 ,AIR DEFENCE MISSILE LIGHT,POINT,D
83,,SFGPUCDMLA-----,1.X.3.1.1.1.2.1.1 ,AIR DEFENCE MISSILE MOTORIZED,POINT,D
84,,SFGPUCDMM------,1.X.3.1.1.1.2.2 ,AIR DEFENCE MISSILE MEDIUM,POINT,D
85,,SFGPUCDMH------,1.X.3.1.1.1.2.3 ,AIR DEFENCE MISSILE HEAVY,POINT,D
86,,SFGPUCDH-------,1.X.3.1.1.1.2.4 ,H/MAD,POINT,D
87,,SFGPUCDG-------,1.X.3.1.1.1.3 ,GUN UNIT,POINT,D
88,,SFGPUCDC-------,1.X.3.1.1.1.4 ,COMPOSITE,POINT,D
89,,SFGPUCDT-------,1.X.3.1.1.1.5 ,TARGETING UNIT,POINT,D
90,,SFGPUCDO-------,1.X.3.1.1.1.6 ,THEATRE MISSILE DEFENCE UNIT,POINT,D
91,,SFGPUCA--------,1.X.3.1.1.2 ,ARMOUR,POINT,D
92,,SFGPUCAT-------,1.X.3.1.1.2.1 ,ARMOUR TRACK,POINT,D
93,,SFGPUCATA------,1.X.3.1.1.2.1.1 ,ARMOUR TRACK AIRBORNE,POINT,D
94,,SFGPUCATW------,1.X.3.1.1.2.1.2 ,ARMOUR TRACK AMPHIBIOUS,POINT,D
95,,SFGPUCATWR-----,1.X.3.1.1.2.1.2.1 ,ARMOUR TRACK AMPHIBIOUS RECOVERY,POINT,D
96,,SFGPUCATL------,1.X.3.1.1.2.1.3 ,ARMOUR TRACK LIGHT ,POINT,D
97,,SFGPUCATM------,1.X.3.1.1.2.1.4 ,ARMOUR TRACK MEDIUM ,POINT,D
98,,SFGPUCATH------,1.X.3.1.1.2.1.5 ,ARMOUR TRACK HEAVY ,POINT,D
99,,SFGPUCATR------,1.X.3.1.1.2.1.6 ,ARMOUR TRACK RECOVERY ,POINT,D
100,,SFGPUCAW-------,1.X.3.1.1.2.2 ,ARMOUR WHEELED ,POINT,D
101,,SFGPUCAWS------,1.X.3.1.1.2.2.1 ,ARMOUR WHEELED AIR ASSAULT ,POINT,D
102,,SFGPUCAWA------,1.X.3.1.1.2.2.2 ,ARMOUR WHEELED AIRBORNE ,POINT,D
103,,SFGPUCAWA------,1.X.3.1.1.2.2.3 ,ARMOUR WHEELED AMPHIBIOUS ,POINT,D
104,,SFGPUCAWL------,1.X.3.1.1.2.2.4 ,ARMOUR WHEELED LIGHT ,POINT,D
105,,SFGPUCAWM------,1.X.3.1.1.2.2.5 ,ARMOUR WHEELED MEDIUM ,POINT,D
106,,SFGPUCAWH------,1.X.3.1.1.2.2.6 ,ARMOUR WHEELED HEAVY ,POINT,D
107,,SFGPUCAWR------,1.X.3.1.1.2.2.7 ,ARMOUR WHEELED RECOVERY ,POINT,D
108,,SFGPUCAA-------,1.X.3.1.1.3 ,ANTI ARMOUR,POINT,D
109,,SFGPUCAAD------,1.X.3.1.1.3.1 ,ANTI ARMOUR DISMOUNTED,POINT,D
110,,SFGPUCAAL------,1.X.3.1.1.3.2 ,ANTI ARMOUR LIGHT,POINT,D
111,,SFGPUCAAM------,1.X.3.1.1.3.3 ,ANTI ARMOUR AIRBORNE,POINT,D
112,,SFGPUCAAS------,1.X.3.1.1.3.4 ,ANTI ARMOUR AIR ASSAULT,POINT,D
113,,SFGPUCAAU------,1.X.3.1.1.3.5 ,ANTI ARMOUR MOUNTAIN,POINT,D
114,,SFGPUCAAC------,1.X.3.1.1.3.6 ,ANTI ARMOUR ARCTIC,POINT,D
115,,SFGPUCAAA------,1.X.3.1.1.3.7 ,ANTI ARMOUR ARMOURED,POINT,D
116,,SFGPUCAAAT-----,1.X.3.1.1.3.7.1 ,ANTI ARMOUR ARMOURED TRACKED,POINT,D
117,,SFGPUCAAAW-----,1.X.3.1.1.3.7.2 ,ANTI ARMOUR ARMOURED WHEELED,POINT,D
118,,SFGPUCAAAS-----,1.X.3.1.1.3.7.3 ,ANTI ARMOUR ARMOURED AIR ASSAULT,POINT,D
119,,SFGPUCAAO------,1.X.3.1.1.3.8 ,ANTI ARMOUR MOTORIZED,POINT,D
120,,SFGPUCAAOS-----,1.X.3.1.1.3.8.1 ,ANTI ARMOUR MOTORIZED AIR ASSAULT,POINT,D
121,,SFGPUCV--------,1.X.3.1.1.4 ,AVIATION,POINT,D
122,,SFGPUCVF-------,1.X.3.1.1.4.1 ,FIXED WING,POINT,D
123,,SFGPUCVFU------,1.X.3.1.1.4.1.1 ,UTILITY FIXED WING,POINT,D
124,,SFGPUCVFA------,1.X.3.1.1.4.1.2 ,ATTACK FIXED WING,POINT,D
125,,SFGPUCVUTP-----,1.X.3.1.1.4.1.2.1 ,TACTICAL AIR CONTROL PARTY (TACP),POINT,D
126,,SFGPUCVUFC-----,1.X.3.1.1.4.1.2.2 ,FORWARD AIR CONTROLLER (FAC),POINT,D
127,,SFGPUCVFR------,1.X.3.1.1.4.1.3 ,RECON FIXED WING,POINT,D
128,,SFGPUCVR-------,1.X.3.1.1.4.2 ,ROTARY WING,POINT,D
129,,SFGPUCVRA------,1.X.3.1.1.4.2.1 ,ATTACK ROTARY WING,POINT,D
130,,SFGPUCVRS------,1.X.3.1.1.4.2.2 ,SCOUT ROTARY WING,POINT,D
131,,SFGPUCVRW------,1.X.3.1.1.4.2.3 ,ANTISUBMARINE WARFARE ROTARY WING,POINT,D
132,,SFGPUCVRU------,1.X.3.1.1.4.2.4 ,UTILITY ROTARY WING,POINT,D
133,,SFGPUCVRUL-----,1.X.3.1.1.4.2.4.1 ,LIGHT UTILITY ROTARY WING,POINT,D
134,,SFGPUCVRUM-----,1.X.3.1.1.4.2.4.2 ,MEDIUM UTILITY ROTARY WING,POINT,D
135,,SFGPUCVRUH-----,1.X.3.1.1.4.2.4.3 ,HEAVY UTILITY ROTARY WING,POINT,D
136,,SFGPUCVRUC-----,1.X.3.1.1.4.2.5 ,C2 ROTARY WING,POINT,D
137,,SFGPUCVRUE-----,1.X.3.1.1.4.2.6 ,MEDEVAC ROTARY WING,POINT,D
138,,SFGPUCVRM------,1.X.3.1.1.4.2.7 ,MINE COUNTERMEASURE ROTARY WING,POINT,D
139,,SFGPUCVS-------,1.X.3.1.1.4.3 ,PERSONNEL RECOVERY,POINT,D
140,,SFGPUCVC-------,1.X.3.1.1.4.4 ,COMPOSITE,POINT,D
141,,SFGPUCVV-------,1.X.3.1.1.4.5 ,VERTICAL/SHORT TAKEOFF AND LANDING (V/STOL),POINT,D
142,,SFGPUCVU-------,1.X.3.1.1.4.6 ,UNMANNED AERIAL VEHICLE,POINT,D
143,,SFGPUCVUF------,1.X.3.1.1.4.6.1 ,UNMANNED AERIAL VEHICLE FIXED WING,POINT,D
144,,SFGPUCVUR------,1.X.3.1.1.4.6.2 ,UNMANNED AERIAL VEHICLE ROTARY WING,POINT,D
145,,SFGPUCVUTP-----,1.X.3.1.1.4.6.3 ,TACTICAL AIR CONTROL PARTY (TACP),POINT,D
146,,SFGPUCVUFC-----,1.X.3.1.1.4.6.4 ,FORWARD AIR CONTROLLER (FAC),POINT,D
147,,SFGPUCI--------,1.X.3.1.1.5 ,INFANTRY,POINT,D
148,,SFGPUCIL-------,1.X.3.1.1.5.1 ,INFANTRY LIGHT,POINT,D
149,,SFGPUCIM-------,1.X.3.1.1.5.2 ,INFANTRY MOTORIZED,POINT,D
150,,SFGPUCIO-------,1.X.3.1.1.5.3 ,INFANTRY MOUNTAIN,POINT,D
151,,SFGPUCIA-------,1.X.3.1.1.5.4 ,INFANTRY AIRBORNE,POINT,D
152,,SFGPUCIS-------,1.X.3.1.1.5.5 ,INFANTRY AIR ASSAULT,POINT,D
153,,SFGPUCIZ-------,1.X.3.1.1.5.6 ,INFANTRY MECHANIZED,POINT,D
154,,SFGPUCIN-------,1.X.3.1.1.5.7 ,INFANTRY NAVAL,POINT,D
155,,SFGPUCII-------,1.X.3.1.1.5.8 ,INFANTRY FIGHTING VEHICLE,POINT,D
156,,SFGPUCIC-------,1.X.3.1.1.5.9 ,INFANTRY ARCTIC,POINT,D
157,,SFGPUCE--------,1.X.3.1.1.6 ,ENGINEER,POINT,D
158,,SFGPUCEC-------,1.X.3.1.1.6.1 ,ENGINEER COMBAT,POINT,D
159,,SFGPUCECS------,1.X.3.1.1.6.1.1 ,ENGINEER COMBAT AIR ASSAULT,POINT,D
160,,SFGPUCECA------,1.X.3.1.1.6.1.2 ,ENGINEER COMBAT AIRBORNE,POINT,D
161,,SFGPUCECC------,1.X.3.1.1.6.1.3 ,ENGINEER COMBAT ARCTIC,POINT,D
162,,SFGPUCECL------,1.X.3.1.1.6.1.4 ,ENGINEER COMBAT LIGHT,POINT,D
163,,SFGPUCECM------,1.X.3.1.1.6.1.5 ,ENGINEER COMBAT MEDIUM,POINT,D
164,,SFGPUCECH------,1.X.3.1.1.6.1.6 ,ENGINEER COMBAT HEAVY,POINT,D
165,,SFGPUCECT------,1.X.3.1.1.6.1.7 ,ENGINEER COMBAT MECHANIZED (TRACK),POINT,D
166,,SFGPUCECW------,1.X.3.1.1.6.1.8 ,ENGINEER COMBAT MOTORIZED,POINT,D
167,,SFGPUCECO------,1.X.3.1.1.6.1.9 ,ENGINEER COMBAT MOUNTAIN,POINT,D
168,,SFGPUCECR------,1.X.3.1.1.6.1.10 ,ENGINEER COMBAT RECON,POINT,D
169,,SFGPUCEC-------,1.X.3.1.1.6.1.11 ,ENGINEER COMBAT BRIDGING,POINT,D
170,,SFGPUCEC-------,1.X.3.1.1.6.1.12 ,ENGINEER COMBAT MINE CLEARING,POINT,D
171,,SFGPUCEC-------,1.X.3.1.1.6.1.13 ,ENGINEER COMBAT MINE LAYING,POINT,D
172,,SFGPUCEC-------,1.X.3.1.1.6.1.14 ,ENGINEER COMBAT DIVING,POINT,D
173,,SFGPUCEN-------,1.X.3.1.1.6.2 ,ENGINEER CONSTRUCTION,POINT,D
174,,SFGPUCENN------,1.X.3.1.1.6.2.1 ,ENGINEER NAVAL CONSTRUCTION,POINT,D
175,,SFGPUCF--------,1.X.3.1.1.7 ,FIELD ARTILLERY,POINT,D
176,,SFGPUCFH-------,1.X.3.1.1.7.1 ,HOWITZER/GUN,POINT,D
177,,SFGPUCFHE------,1.X.3.1.1.7.1.1 ,SELF PROPELLED,POINT,D
178,,SFGPUCFHS------,1.X.3.1.1.7.1.2 ,AIR ASSAULT,POINT,D
179,,SFGPUCFHA------,1.X.3.1.1.7.1.3 ,AIRBORNE,POINT,D
180,,SFGPUCFHC------,1.X.3.1.1.7.1.4 ,ARCTIC,POINT,D
181,,SFGPUCFHO------,1.X.3.1.1.7.1.5 ,MOUNTAIN,POINT,D
182,,SFGPUCFHL------,1.X.3.1.1.7.1.6 ,LIGHT,POINT,D
183,,SFGPUCFHM------,1.X.3.1.1.7.1.7 ,MEDIUM,POINT,D
184,,SFGPUCFHH------,1.X.3.1.1.7.1.8 ,HEAVY,POINT,D
185,,SFGPUCFHX------,1.X.3.1.1.7.1.9 ,AMPHIBIOUS,POINT,D
186,,SFGPUCFR-------,1.X.3.1.1.7.2 ,ROCKET,POINT,D
187,,SFGPUCFRS------,1.X.3.1.1.7.2.1 ,SINGLE ROCKET LAUNCHER,POINT,D
188,,SFGPUCFRSS-----,1.X.3.1.1.7.2.1.1 ,SINGLE ROCKET SELF PROPELLED,POINT,D
189,,SFGPUCFRSR-----,1.X.3.1.1.7.2.1.2 ,SINGLE ROCKET TRUCK,POINT,D
190,,SFGPUCFRST-----,1.X.3.1.1.7.2.1.3 ,SINGLE ROCKET TOWED,POINT,D
191,,SFGPUCFRM------,1.X.3.1.1.7.2.2 ,MULTI ROCKET LAUNCHER,POINT,D
192,,SFGPUCFRMS-----,1.X.3.1.1.7.2.2.1 ,MULTI ROCKET SELF PROPELLED,POINT,D
193,,SFGPUCFRMR-----,1.X.3.1.1.7.2.2.2 ,MULTI ROCKET TRUCK,POINT,D
194,,SFGPUCFRMT-----,1.X.3.1.1.7.2.2.3 ,MULTI ROCKET TOWED,POINT,D
195,,SFGPUCFT-------,1.X.3.1.1.7.3 ,TARGET ACQUISITION,POINT,D
196,,SFGPUCFTR------,1.X.3.1.1.7.3.1 ,RADAR,POINT,D
197,,SFGPUCFTS------,1.X.3.1.1.7.3.2 ,SOUND,POINT,D
198,,SFGPUCFTF------,1.X.3.1.1.7.3.3 ,FLASH (OPTICAL),POINT,D
199,,SFGPUCFTC------,1.X.3.1.1.7.3.4 ,TARGET ACQUISITION MOUNTED,POINT,D
200,,SFGPUCFTCD-----,1.X.3.1.1.7.3.4.1 ,TARGET ACQUISITION DISMOUNTED,POINT,D
201,,SFGPUCFTCM-----,1.X.3.1.1.7.3.4.2 ,TARGET ACQUISITION TRACKED,POINT,D
202,,SFGPUCFTA------,1.X.3.1.1.7.3.5 ,TARGET ACQUISITION NAVAL GUNFIRE,POINT,D
203,,SFGPUCFM-------,1.X.3.1.1.7.4 ,MORTAR,POINT,D
204,,SFGPUCFMS------,1.X.3.1.1.7.4.1 ,SELF PROPELLED (SP) TRACKED MORTAR,POINT,D
205,,SFGPUCFMSW-----,1.X.3.1.1.7.4.2 ,SP WHEELED MORTAR,POINT,D
206,,SFGPUCFMT------,1.X.3.1.1.7.4.3 ,TOWED MORTAR,POINT,D
207,,SFGPUCFMTA-----,1.X.3.1.1.7.4.3.1 ,TOWED AIRBORNE MORTAR,POINT,D
208,,SFGPUCFMTS-----,1.X.3.1.1.7.4.3.2 ,TOWED AIR ASSAULT MORTAR,POINT,D
209,,SFGPUCFMTC-----,1.X.3.1.1.7.4.3.3 ,TOWED ARCTIC MORTAR,POINT,D
210,,SFGPUCFMTO-----,1.X.3.1.1.7.4.3.4 ,TOWED MOUNTAIN MORTAR,POINT,D
211,,SFGPUCFML------,1.X.3.1.1.7.4.4 ,AMPHIBIOUS MORTAR,POINT,D
212,,SFGPUCFS-------,1.X.3.1.1.7.5 ,ARTILLERY SURVEY,POINT,D
213,,SFGPUCFSS------,1.X.3.1.1.7.5.1 ,AIR ASSAULT,POINT,D
214,,SFGPUCFSA------,1.X.3.1.1.7.5.2 ,AIRBORNE,POINT,D
215,,SFGPUCFSL------,1.X.3.1.1.7.5.3 ,LIGHT,POINT,D
216,,SFGPUCFSO------,1.X.3.1.1.7.5.4 ,MOUNTAIN,POINT,D
217,,SFGPUCFO-------,1.X.3.1.1.7.6 ,METEOROLOGICAL,POINT,D
218,,SFGPUCFOS------,1.X.3.1.1.7.6.1 ,AIR ASSAULT METEOROLOGICAL,POINT,D
219,,SFGPUCFOA------,1.X.3.1.1.7.6.2 ,AIRBORNE METEOROLOGICAL,POINT,D
220,,SFGPUCFOL------,1.X.3.1.1.7.6.3 ,LIGHT METEOROLOGICAL,POINT,D
221,,SFGPUCFOO------,1.X.3.1.1.7.6.4 ,MOUNTAIN METEOROLOGICAL,POINT,D
222,,SFGPUCF--------,1.X.3.1.1.7.7 ,FIRE DIRECTION CENTRE,POINT,D
223,,SFGPUCF--------,1.X.3.1.1.7.8 ,OBERSERVER,POINT,D
224,,SFGPUCR--------,1.X.3.1.1.8 ,RECONNAISSANCE,POINT,D
225,,SFGPUCRH-------,1.X.3.1.1.8.1 ,RECONNAISSANCE HORSE,POINT,D
226,,SFGPUCRV-------,1.X.3.1.1.8.2 ,RECONNAISSANCE CAVALRY,POINT,D
227,,SFGPUCRVA------,1.X.3.1.1.8.2.1 ,RECONNAISSANCE CAVALRY ARMOURED,POINT,D
228,,SFGPUCRVM------,1.X.3.1.1.8.2.2 ,RECONNAISSANCE CAVALRY MOTORIZED,POINT,D
229,,SFGPUCRVG------,1.X.3.1.1.8.2.3 ,RECONNAISSANCE CAVALRY GROUND,POINT,D
230,,SFGPUCRVO------,1.X.3.1.1.8.2.4 ,RECONNAISSANCE CAVALRY AIR,POINT,D
231,,SFGPUCRC-------,1.X.3.1.1.8.3 ,RECONNAISSANCE ARCTIC,POINT,D
232,,SFGPUCRS-------,1.X.3.1.1.8.4 ,RECONNAISSANCE AIR ASSAULT,POINT,D
233,,SFGPUCRA-------,1.X.3.1.1.8.5 ,RECONNAISSANCE AIRBORNE,POINT,D
234,,SFGPUCRO-------,1.X.3.1.1.8.6 ,RECONNAISSANCE MOUNTAIN,POINT,D
235,,SFGPUCRLL------,1.X.3.1.1.8.7 ,RECONNAISSANCE LIGHT,POINT,D
236,,SFGPUCRR-------,1.X.3.1.1.8.8 ,RECONNAISSANCE MARINE,POINT,D
237,,SFGPUCRRD------,1.X.3.1.1.8.8.1 ,RECONNAISSANCE MARINE DIVISION,POINT,D
238,,SFGPUCRRF------,1.X.3.1.1.8.8.2 ,RECONNAISSANCE MARINE FORCE,POINT,D
239,,SFGPUCRRL------,1.X.3.1.1.8.8.3 ,RECONNAISSANCE MARINE LIGHT ARMOURED RECONNAISSANCE (LAR),POINT,D
240,,SFGPUCRX-------,1.X.3.1.1.8.9 ,RECONNAISSANCE LONG RANGE SURVEILLANCE (LRS),POINT,D
241,,SFGPUCM--------,1.X.3.1.1.9 ,MISSILE (SURFACE-SURFACE),POINT,D
242,,SFGPUCMT-------,1.X.3.1.1.9.1 ,MISSILE (SURFACE-SURFACE) TACTICAL,POINT,D
243,,SFGPUCMS-------,1.X.3.1.1.9.2 ,MISSILE (SURFACE-SURFACE) STRATEGIC,POINT,D
244,,SFGPUCS--------,1.X.3.1.1.10 ,INTERNAL SECURITY FORCES,POINT,D
245,,SFGPUCSW-------,1.X.3.1.1.10.1 ,RIVERINE,POINT,D
246,,SFGPUCSG-------,1.X.3.1.1.10.2 ,GROUND,POINT,D
247,,SFGPUCSGD------,1.X.3.1.1.10.2.1 ,DISMOUNTED GROUND,POINT,D
248,,SFGPUCSGM------,1.X.3.1.1.10.2.2 ,MOTORIZED GROUND,POINT,D
249,,SFGPUCSGA------,1.X.3.1.1.10.2.3 ,MECHANIZED GROUND,POINT,D
250,,SFGPUCSM-------,1.X.3.1.1.10.3 ,WHEELED MECHANIZED,POINT,D
251,,SFGPUCSR-------,1.X.3.1.1.10.4 ,RAILROAD,POINT,D
252,,SFGPUCSA-------,1.X.3.1.1.10.5 ,AVIATION,POINT,D
253,,SFGPUU---------,1.X.3.1.2 ,COMBAT SUPPORT,POINT,D
254,,SFGPUUA--------,1.X.3.1.2.1 ,COMBAT SUPPORT CBRN,POINT,D
255,,SFGPUUAC-------,1.X.3.1.2.1.1 ,CHEMICAL,POINT,D
256,,SFGPUUACC------,1.X.3.1.2.1.1.1 ,SMOKE/DECON,POINT,D
257,,SFGPUUACCK-----,1.X.3.1.2.1.1.1.1 ,MECHANIZED SMOKE/DECON,POINT,D
258,,SFGPUUACCM-----,1.X.3.1.2.1.1.1.2 ,MOTORIZED SMOKE/DECON,POINT,D
259,,SFGPUUACS------,1.X.3.1.2.1.1.2 ,SMOKE,POINT,D
260,,SFGPUUACSM-----,1.X.3.1.2.1.1.2.1 ,MOTORIZED SMOKE,POINT,D
261,,SFGPUUACSA-----,1.X.3.1.2.1.1.2.2 ,ARMOUR SMOKE,POINT,D
262,,SFGPUUACR------,1.X.3.1.2.1.1.3 ,CHEMICAL RECON,POINT,D
263,,SFGPUUACRW-----,1.X.3.1.2.1.1.3.1 ,CHEMICAL WHEELED ARMOURED VEHICLE,POINT,D
264,,SFGPUUACRS-----,1.X.3.1.2.1.1.3.2 ,CHEMICAL WHEELED ARMOURED VEHICLE RECONNAISSANCE SURVEILLANCE,POINT,D
265,,SFGPUUAN-------,1.X.3.1.2.1.2 ,NUCLEAR,POINT,D
266,,SFGPUUAB-------,1.X.3.1.2.1.3 ,BIOLOGICAL,POINT,D
267,,SFGPUUABR------,1.X.3.1.2.1.3.1 ,RECON EQUIPPED,POINT,D
268,,SFGPUUAD-------,1.X.3.1.2.1.4 ,DECONTAMINATION,POINT,D
269,,SFGPUUM--------,1.X.3.1.2.2 ,MILITARY INTELLIGENCE,POINT,D
270,,SFGPUUMA-------,1.X.3.1.2.2.1 ,AERIAL EXPLOITATION,POINT,D
271,,SFGPUUMS-------,1.X.3.1.2.2.2 ,SIGNAL INTELLIGENCE (SIGINT),POINT,D
272,,SFGPUUMSE------,1.X.3.1.2.2.2.1 ,ELECTRONIC WARFARE,POINT,D
273,,SFGPUUMSEA-----,1.X.3.1.2.2.2.1.1 ,ARMOURED WHEELED VEHICLE,POINT,D
274,,SFGPUUMSED-----,1.X.3.1.2.2.2.1.2 ,DIRECTION FINDING,POINT,D
275,,SFGPUUMSEI-----,1.X.3.1.2.2.2.1.3 ,INTERCEPT,POINT,D
276,,SFGPUUMSEJ-----,1.X.3.1.2.2.2.1.4 ,JAMMING,POINT,D
277,,SFGPUUMSET-----,1.X.3.1.2.2.2.1.5 ,THEATRE,POINT,D
278,,SFGPUUMSEC-----,1.X.3.1.2.2.2.1.6 ,CORPS,POINT,D
279,,SFGPUUMC-------,1.X.3.1.2.2.3 ,COUNTER INTELLIGENCE,POINT,D
280,,SFGPUUMR-------,1.X.3.1.2.2.4 ,SURVEILLANCE,POINT,D
281,,SFGPUUMRG------,1.X.3.1.2.2.4.1 ,GROUND SURVEILLANCE RADAR,POINT,D
282,,SFGPUUMRS------,1.X.3.1.2.2.4.2 ,SENSOR,POINT,D
283,,SFGPUUMRSS-----,1.X.3.1.2.2.4.2.1 ,SENSOR SCM,POINT,D
284,,SFGPUUMRX------,1.X.3.1.2.2.4.3 ,GROUND STATION MODULE,POINT,D
285,,SFGPUUMMO------,1.X.3.1.2.2.4.4 ,METEOROLOGICAL,POINT,D
286,,SFGPUUMO-------,1.X.3.1.2.2.5 ,OPERATIONS,POINT,D
287,,SFGPUUMT-------,1.X.3.1.2.2.6 ,TACTICAL EXPLOIT,POINT,D
288,,SFGPUUMQ-------,1.X.3.1.2.2.7 ,INTERROGATION,POINT,D
289,,SFGPUUMJ-------,1.X.3.1.2.2.8 ,JOINT INTELLIGENCE CENTRE,POINT,D
290,,SFGPUUL--------,1.X.3.1.2.3 ,LAW ENFORCEMENT UNIT,POINT,D
291,,SFGPUULS-------,1.X.3.1.2.3.1 ,SHORE PATROL,POINT,D
292,,SFGPUULM-------,1.X.3.1.2.3.2 ,MILITARY POLICE,POINT,D
293,,SFGPUULC-------,1.X.3.1.2.3.3 ,CIVILIAN LAW ENFORCEMENT,POINT,D
294,,SFGPUULF-------,1.X.3.1.2.3.4 ,SECURITY POLICE (AIR),POINT,D
295,,SFGPUULD-------,1.X.3.1.2.3.5 ,CENTRAL INTELLIGENCE DIVISION (CID),POINT,D
296,,SFGPUUS--------,1.X.3.1.2.4 ,SIGNAL UNIT,POINT,D
297,,SFGPUUSA-------,1.X.3.1.2.4.1 ,AREA,POINT,D
298,,SFGPUUSC-------,1.X.3.1.2.4.2 ,COMMUNICATION CONFIGURED PACKAGE,POINT,D
299,,SFGPUUSCL------,1.X.3.1.2.4.2.1 ,LARGE COMMUNICATION CONFIGURED PACKAGE (LCCP),POINT,D
300,,SFGPUUSO-------,1.X.3.1.2.4.3 ,COMMAND OPERATIONS,POINT,D
301,,SFGPUUSF-------,1.X.3.1.2.4.4 ,FORWARD COMMUNICATIONS,POINT,D
302,,SFGPUUSM-------,1.X.3.1.2.4.5 ,MULTIPLE SUBSCRIBER ELEMENT,POINT,D
303,,SFGPUUSMS------,1.X.3.1.2.4.5.1 ,SMALL EXTENSION NODE,POINT,D
304,,SFGPUUSML------,1.X.3.1.2.4.5.2 ,LARGE EXTENSION NODE,POINT,D
305,,SFGPUUSMN------,1.X.3.1.2.4.5.3 ,NODE CENTRE,POINT,D
306,,SFGPUUSR-------,1.X.3.1.2.4.6 ,RADIO UNIT,POINT,D
307,,SFGPUUSRS------,1.X.3.1.2.4.6.1 ,TACTICAL SATELLITE,POINT,D
308,,SFGPUUSRT------,1.X.3.1.2.4.6.2 ,TELETYPE CENTRE,POINT,D
309,,SFGPUUSRW------,1.X.3.1.2.4.6.3 ,RELAY,POINT,D
310,,SFGPUUSS-------,1.X.3.1.2.4.7 ,SIGNAL SUPPORT,POINT,D
311,,SFGPUUSW-------,1.X.3.1.2.4.8 ,TELEPHONE SWITCH,POINT,D
312,,SFGPUUSX-------,1.X.3.1.2.4.9 ,ELECTRONIC RANGING,POINT,D
313,,SFGPUUI--------,1.X.3.1.2.5 ,INFORMATION WARFARE UNIT,POINT,D
314,,SFGPUUL--------,1.X.3.1.2.6 ,LANDING SUPPORT,POINT,D
315,,SFGPUUE--------,1.X.3.1.2.7 ,EXPLOSIVE ORDINANCE DISPOSAL,POINT,D
316,,SFGPUUT--------,1.X.3.1.2.8 ,TOPOGRAPHIC,POINT,D
317,,SFGPUU---------,1.X.3.1.2.9 ,DOG,POINT,D
318,,SFGPUUD--------,1.X.3.1.2.10 ,DRILLING,POINT,D
319,,SFGPUS---------,1.X.3.1.3 ,COMBAT SERVICE SUPPORT,POINT,D
320,,SFGPUSA--------,1.X.3.1.3.1 ,ADMINISTRATIVE (ADMIN),POINT,D
321,,SFGPUSAT-------,1.X.3.1.3.1.1 ,ADMIN THEATRE,POINT,D
322,,SFGPUSAC-------,1.X.3.1.3.1.2 ,ADMIN CORPS,POINT,D
323,,SFGPUSAJ-------,1.X.3.1.3.1.3 ,JUDGE ADVOCATE GENERAL (JAG),POINT,D
324,,SFGPUSAJT------,1.X.3.1.3.1.3.1 ,JAG THEATRE,POINT,D
325,,SFGPUSAJC------,1.X.3.1.3.1.3.2 ,JAG CORPS,POINT,D
326,,SFGPUSAO-------,1.X.3.1.3.1.4 ,POSTAL,POINT,D
327,,SFGPUSAOT------,1.X.3.1.3.1.4.1 ,POSTAL THEATRE,POINT,D
328,,SFGPUSAOC------,1.X.3.1.3.1.4.2 ,POSTAL CORPS,POINT,D
329,,SFGPUSAF-------,1.X.3.1.3.1.5 ,FINANCE,POINT,D
330,,SFGPUSAFT------,1.X.3.1.3.1.5.1 ,FINANCE THEATRE,POINT,D
331,,SFGPUSAFC------,1.X.3.1.3.1.5.2 ,FINANCE CORPS,POINT,D
332,,SFGPUSAS-------,1.X.3.1.3.1.6 ,PERSONNEL SERVICES,POINT,D
333,,SFGPUSAST------,1.X.3.1.3.1.6.1 ,PERSONNEL THEATRE,POINT,D
334,,SFGPUSASC------,1.X.3.1.3.1.6.2 ,PERSONNEL CORPS,POINT,D
335,,SFGPUSAM-------,1.X.3.1.3.1.7 ,MORTUARY/GRAVES REGISTRY,POINT,D
336,,SFGPUSAMT------,1.X.3.1.3.1.7.1 ,MORTUARY/GRAVES REGISTRY THEATRE,POINT,D
337,,SFGPUSAMC------,1.X.3.1.3.1.7.2 ,MORTUARY/GRAVES REGISTRY CORPS,POINT,D
338,,SFGPUSAR-------,1.X.3.1.3.1.8 ,RELIGIOUS/CHAPLAIN,POINT,D
339,,SFGPUSART------,1.X.3.1.3.1.8.1 ,RELIGIOUS/CHAPLAIN THEATRE,POINT,D
340,,SFGPUSARC------,1.X.3.1.3.1.8.2 ,RELIGIOUS/CHAPLAIN CORPS,POINT,D
341,,SFGPUSAP-------,1.X.3.1.3.1.9 ,PUBLIC AFFAIRS,POINT,D
342,,SFGPUSAPT------,1.X.3.1.3.1.9.1 ,PUBLIC AFFAIRS THEATRE,POINT,D
343,,SFGPUSAPC------,1.X.3.1.3.1.9.2 ,PUBLIC AFFAIRS CORPS,POINT,D
344,,SFGPUSAPB------,1.X.3.1.3.1.9.3 ,PUBLIC AFFAIRS BROADCAST,POINT,D
345,,SFGPUSAPBT-----,1.X.3.1.3.1.9.3.1 ,PUBLIC AFFAIRS BROADCAST THEATRE,POINT,D
346,,SFGPUSAPBC-----,1.X.3.1.3.1.9.3.2 ,PUBLIC AFFAIRS BROADCAST CORPS,POINT,D
347,,SFGPUSAPM------,1.X.3.1.3.1.9.4 ,PUBLIC AFFAIRS JOINT INFORMATION BUREAU (JIB),POINT,D
348,,SFGPUSAPMT-----,1.X.3.1.3.1.9.4.1 ,PUBLIC AFFAIRS JIB THEATRE,POINT,D
349,,SFGPUSAPMC-----,1.X.3.1.3.1.9.4.2 ,PUBLIC AFFAIRS JIB CORPS,POINT,D
350,,SFGPUSAX-------,1.X.3.1.3.1.10 ,REPLACEMENT HOLDING UNIT (RHU),POINT,D
351,,SFGPUSAXT------,1.X.3.1.3.1.10.1 ,RHU THEATRE,POINT,D
352,,SFGPUSAXC------,1.X.3.1.3.1.10.2 ,RHU CORPS,POINT,D
353,,SFGPUSAL-------,1.X.3.1.3.1.11 ,LABOUR,POINT,D
354,,SFGPUSALT------,1.X.3.1.3.1.11.1 ,LABOUR THEATRE,POINT,D
355,,SFGPUSALC------,1.X.3.1.3.1.11.2 ,LABOUR CORPS,POINT,D
356,,SFGPUSAW-------,1.X.3.1.3.1.12 ,MORAL WELFARE RECREATION (MWR) ,POINT,D
357,,SFGPUSAWT------,1.X.3.1.3.1.12.1 ,MWR THEATRE,POINT,D
358,,SFGPUSAWC------,1.X.3.1.3.1.12.2 ,MWR CORPS,POINT,D
359,,SFGPUSAQ-------,1.X.3.1.3.1.13 ,QUARTERMASTER (SUPPLY),POINT,D
360,,SFGPUSAQT------,1.X.3.1.3.1.13.1 ,QUARTERMASTER (SUPPLY) THEATRE,POINT,D
361,,SFGPUSAQC------,1.X.3.1.3.1.13.2 ,QUARTERMASTER (SUPPLY) CORPS,POINT,D
362,,SFGPUSM--------,1.X.3.1.3.2 ,MEDICAL,POINT,D
363,,SFGPUSMT-------,1.X.3.1.3.2.1 ,MEDICAL THEATRE,POINT,D
364,,SFGPUSMC-------,1.X.3.1.3.2.2 ,MEDICAL CORPS,POINT,D
365,,SFGPUSMM-------,1.X.3.1.3.2.3 ,MEDICAL TREATMENT FACILITY,POINT,D
366,,SFGPUSMMT------,1.X.3.1.3.2.3.1 ,MEDICAL TREATMENT FACILITY THEATRE,POINT,D
367,,SFGPUSMMC------,1.X.3.1.3.2.3.2 ,MEDICAL TREATMENT FACILITY CORPS,POINT,D
368,,SFGPUSMV-------,1.X.3.1.3.2.4 ,MEDICAL VETERINARY,POINT,D
369,,SFGPUSMVT------,1.X.3.1.3.2.4.1 ,MEDICAL VETERINARY THEATRE,POINT,D
370,,SFGPUSMVC------,1.X.3.1.3.2.4.2 ,MEDICAL VETERINARY CORPS,POINT,D
371,,SFGPUSMD-------,1.X.3.1.3.2.5 ,MEDICAL DENTAL,POINT,D
372,,SFGPUSMDT------,1.X.3.1.3.2.5.1 ,MEDICAL DENTAL THEATRE,POINT,D
373,,SFGPUSMDC------,1.X.3.1.3.2.5.2 ,MEDICAL DENTAL CORPS,POINT,D
374,,SFGPUSMP-------,1.X.3.1.3.2.6 ,MEDICAL PSYCHOLOGICAL,POINT,D
375,,SFGPUSMPT------,1.X.3.1.3.2.6.1 ,MEDICAL PSYCHOLOGICAL THEATRE,POINT,D
376,,SFGPUSMPC------,1.X.3.1.3.2.6.2 ,MEDICAL PSYCHOLOGICAL CORPS,POINT,D
377,,SFGPUSS--------,1.X.3.1.3.3 ,SUPPLY,POINT,D
378,,SFGPUSST-------,1.X.3.1.3.3.1 ,SUPPLY THEATRE,POINT,D
379,,SFGPUSSC-------,1.X.3.1.3.3.2 ,SUPPLY CORPS,POINT,D
380,,SFGPUSS1-------,1.X.3.1.3.3.3 ,SUPPLY CLASS I,POINT,D
381,,SFGPUSS1T------,1.X.3.1.3.3.3.1 ,SUPPLY CLASS I THEATRE,POINT,D
382,,SFGPUSS1C------,1.X.3.1.3.3.3.2 ,SUPPLY CLASS I CORPS,POINT,D
383,,SFGPUSS2-------,1.X.3.1.3.3.4 ,SUPPLY CLASS II,POINT,D
384,,SFGPUSS2T------,1.X.3.1.3.3.4.1 ,SUPPLY CLASS II THEATRE,POINT,D
385,,SFGPUSS2C------,1.X.3.1.3.3.4.2 ,SUPPLY CLASS II CORPS,POINT,D
386,,SFGPUSS3-------,1.X.3.1.3.3.5 ,SUPPLY CLASS III,POINT,D
387,,SFGPUSS3T------,1.X.3.1.3.3.5.1 ,SUPPLY CLASS III THEATRE,POINT,D
388,,SFGPUSS3C------,1.X.3.1.3.3.5.2 ,SUPPLY CLASS III CORPS,POINT,D
389,,SFGPUSS3A------,1.X.3.1.3.3.5.3 ,SUPPLY CLASS III AVIATION,POINT,D
390,,SFGPUSS3AT-----,1.X.3.1.3.3.5.3.1 ,SUPPLY CLASS III AVIATION,POINT,D
391,,SFGPUSS3AC-----,1.X.3.1.3.3.5.3.2 ,SUPPLY CLASS III AVIATION CORPS,POINT,D
392,,SFGPUSS4-------,1.X.3.1.3.3.6 ,SUPPLY CLASS IV,POINT,D
393,,SFGPUSS4T------,1.X.3.1.3.3.6.1 ,SUPPLY CLASS IV THEATRE,POINT,D
394,,SFGPUSS4C------,1.X.3.1.3.3.6.2 ,SUPPLY CLASS IV CORPS,POINT,D
395,,SFGPUSS5-------,1.X.3.1.3.3.7 ,SUPPLY CLASS V,POINT,D
396,,SFGPUSS5T------,1.X.3.1.3.3.7.1 ,SUPPLY CLASS V THEATRE,POINT,D
397,,SFGPUSS5C------,1.X.3.1.3.3.7.2 ,SUPPLY CLASS V CORPS,POINT,D
398,,SFGPUSS6-------,1.X.3.1.3.3.8 ,SUPPLY CLASS VI,POINT,D
399,,SFGPUSS6T------,1.X.3.1.3.3.8.1 ,SUPPLY CLASS VI THEATRE,POINT,D
400,,SFGPUSS6C------,1.X.3.1.3.3.8.2 ,SUPPLY CLASS VI CORPS,POINT,D
401,,SFGPUSS7-------,1.X.3.1.3.3.9 ,SUPPLY CLASS VII,POINT,D
402,,SFGPUSS7T------,1.X.3.1.3.3.9.1 ,SUPPLY CLASS VII THEATRE,POINT,D
403,,SFGPUSS7C------,1.X.3.1.3.3.9.2 ,SUPPLY CLASS VII CORPS,POINT,D
404,,SFGPUSS8-------,1.X.3.1.3.3.10 ,SUPPLY CLASS VIII,POINT,D
405,,SFGPUSS8T------,1.X.3.1.3.3.10.1 ,SUPPLY CLASS VIII THEATRE,POINT,D
406,,SFGPUSS8C------,1.X.3.1.3.3.10.2 ,SUPPLY CLASS VIII CORPS,POINT,D
407,,SFGPUSS9-------,1.X.3.1.3.3.11 ,SUPPLY CLASS IX,POINT,D
408,,SFGPUSS9T------,1.X.3.1.3.3.11.1 ,SUPPLY CLASS IX THEATRE,POINT,D
409,,SFGPUSS9C------,1.X.3.1.3.3.11.2 ,SUPPLY CLASS IX CORPS,POINT,D
410,,SFGPUSSX-------,1.X.3.1.3.3.12 ,SUPPLY CLASS X,POINT,D
411,,SFGPUSSXT------,1.X.3.1.3.3.12.1 ,SUPPLY CLASS X THEATRE,POINT,D
412,,SFGPUSSXC------,1.X.3.1.3.3.12.2 ,SUPPLY CLASS X CORPS,POINT,D
413,,SFGPUSSL-------,1.X.3.1.3.3.13 ,SUPPLY LAUNDRY/BATH,POINT,D
414,,SFGPUSSLT------,1.X.3.1.3.3.13.1 ,SUPPLY LAUNDRY/BATH THEATRE,POINT,D
415,,SFGPUSSLC------,1.X.3.1.3.3.13.2 ,SUPPLY LAUNDRY/BATH CORPS,POINT,D
416,,SFGPUSSW-------,1.X.3.1.3.3.14 ,SUPPLY WATER,POINT,D
417,,SFGPUSSWT------,1.X.3.1.3.3.14.1 ,SUPPLY WATER THEATRE,POINT,D
418,,SFGPUSSWC------,1.X.3.1.3.3.14.2 ,SUPPLY WATER CORPS,POINT,D
419,,SFGPUSSWP------,1.X.3.1.3.3.14.3 ,SUPPLY WATER PURIFICATION,POINT,D
420,,SFGPUSSWPT-----,1.X.3.1.3.3.14.3.1 ,SUPPLY WATER PURIFICATION THEATRE,POINT,D
421,,SFGPUSSWPC-----,1.X.3.1.3.3.14.3.2 ,SUPPLY WATER PURIFICATION CORPS,POINT,D
422,,SFGPUST--------,1.X.3.1.3.4 ,TRANSPORTATION,POINT,D
423,,SFGPUSTT-------,1.X.3.1.3.4.1 ,TRANSPORTATION THEATRE,POINT,D
424,,SFGPUSTC-------,1.X.3.1.3.4.2 ,TRANSPORTATION CORPS,POINT,D
425,,SFGPUSTM-------,1.X.3.1.3.4.3 ,MOVEMENT CONTROL CENTRE(MCC),POINT,D
426,,SFGPUSTMT------,1.X.3.1.3.4.3.1 ,MCC THEATRE,POINT,D
427,,SFGPUSTMC------,1.X.3.1.3.4.3.2 ,MCC CORPS,POINT,D
428,,SFGPUSTR-------,1.X.3.1.3.4.4 ,RAILHEAD,POINT,D
429,,SFGPUSTRT------,1.X.3.1.3.4.4.1 ,RAILHEAD THEATRE,POINT,D
430,,SFGPUSTRC------,1.X.3.1.3.4.4.2 ,RAILHEAD CORPS,POINT,D
431,,SFGPUSTS-------,1.X.3.1.3.4.5 ,SPOD/SPOE,POINT,D
432,,SFGPUSTST------,1.X.3.1.3.4.5.1 ,SPOD/SPOE THEATRE,POINT,D
433,,SFGPUSTSC------,1.X.3.1.3.4.5.2 ,SPOD/SPOE CORPS,POINT,D
434,,SFGPUSTA-------,1.X.3.1.3.4.6 ,APOD/APOE,POINT,D
435,,SFGPUSTAT------,1.X.3.1.3.4.6.1 ,APOD/APOE THEATRE,POINT,D
436,,SFGPUSTAC------,1.X.3.1.3.4.6.2 ,APOD/APOE CORPS,POINT,D
437,,SFGPUSTI-------,1.X.3.1.3.4.7 ,MISSILE,POINT,D
438,,SFGPUSTIT------,1.X.3.1.3.4.7.1 ,MISSILE THEATRE,POINT,D
439,,SFGPUSTIC------,1.X.3.1.3.4.7.2 ,MISSILE CORPS,POINT,D
440,,SFGPUSX--------,1.X.3.1.3.5 ,MAINTENANCE,POINT,D
441,,SFGPUSXT-------,1.X.3.1.3.5.1 ,MAINTENANCE THEATRE,POINT,D
442,,SFGPUSXC-------,1.X.3.1.3.5.2 ,MAINTENANCE CORPS,POINT,D
443,,SFGPUSXH-------,1.X.3.1.3.5.3 ,MAINTENANCE HEAVY,POINT,D
444,,SFGPUSXHT------,1.X.3.1.3.5.3.1 ,MAINTENANCE HEAVY THEATRE,POINT,D
445,,SFGPUSXHC------,1.X.3.1.3.5.3.2 ,MAINTENANCE HEAVY CORPS,POINT,D
446,,SFGPUSXR-------,1.X.3.1.3.5.4 ,MAINTENANCE RECOVERY,POINT,D
447,,SFGPUSXRT------,1.X.3.1.3.5.4.1 ,MAINTENANCE RECOVERY THEATRE,POINT,D
448,,SFGPUSXRC------,1.X.3.1.3.5.4.2 ,MAINTENANCE RECOVERY CORPS,POINT,D
449,,SFGPUSXO-------,1.X.3.1.3.5.5 ,ORDINANCE,POINT,D
450,,SFGPUSXOT------,1.X.3.1.3.5.5.1 ,ORDINANCE THEATRE,POINT,D
451,,SFGPUSXOC------,1.X.3.1.3.5.5.2 ,ORDINANCE CORPS,POINT,D
452,,SFGPUSXOM------,1.X.3.1.3.5.5.3 ,ORDINANCE MISSILE,POINT,D
453,,SFGPUSXOMT-----,1.X.3.1.3.5.5.3.1 ,ORDINANCE MISSILE THEATRE,POINT,D
454,,SFGPUSXOMC-----,1.X.3.1.3.5.5.3.2 ,ORDINANCE MISSILE CORPS,POINT,D
455,,SFGPUSXE-------,1.X.3.1.3.5.6 ,ELECTRO-OPTICAL,POINT,D
456,,SFGPUSXET------,1.X.3.1.3.5.6.1 ,ELECTRO-OPTICAL THEATRE,POINT,D
457,,SFGPUSXEC------,1.X.3.1.3.5.6.2 ,ELECTRO-OPTICAL CORPS,POINT,D
458,,SFGPUSXBDR-----,1.X.3.1.3.5.7 ,BATTLE DAMAGE REPAIR,POINT,D
459,,SFGPUSXPM------,1.X.3.1.3.5.8 ,PREVENTIVE MAINTANANCE,POINT,D
460,,SFGPUSXP-------,1.X.3.1.3.6 ,PIPELINE,POINT,D
461,,SFGPUSXEP------,1.X.3.1.3.7 ,ENVIRONMENTAL PROTECTION,POINT,D
462,,SFGPUH---------,1.X.3.1.4 ,SPECIAL C2 HEADQUARTERS COMPONENT,POINT,D
463,,SFGPUH---------,1.X.3.1.5 ,UNIT GENERAL HEADQUARTERS,POINT,D
464,,SFGPUH---------,1.X.3.1.6 ,GENERAL HEADQUARTERS AND SERVICE,POINT,D
465,,SFGPGL---------,1.X.3.1.7 ,UNIT GENERAL LIAISON,POINT,D
466,,SFGPE----------,1.X.3.2 ,GROUND TRACK EQUIPMENT,POINT,D
467,,SFGPEWM--------,1.X.3.2.1.1 ,MISSILE LAUNCHERS,POINT,D
468,,SFGPEWMA-------,1.X.3.2.1.1.1 ,AIR DEFENCE (AD) MISSILE LAUNCH,POINT,D
469,,SFGPEWMAS------,1.X.3.2.1.1.1.1 ,SHORT RANGE AD MISSILE LAUNCHERS,POINT,D
470,,SFGPEWMAI------,1.X.3.2.1.1.1.2 ,INTERMEDIATE RANGE AD MISSILE LAUNCH,POINT,D
471,,SFGPEWMAL------,1.X.3.2.1.1.1.3 ,LONG RANGE AD MISSILE LAUNCH,POINT,D
472,,SFGPEWMAT------,1.X.3.2.1.1.1.4 ,AD MISSILE LAUNCH THEATRE,POINT,D
473,,SFGPEWMS-------,1.X.3.2.1.1.2 ,SURFACE-SURFACE (SS) MISSILE LAUNCHER,POINT,D
474,,SFGPEWMSS------,1.X.3.2.1.1.2.1 ,SHORT RANGE SS MISSILE LAUNCH,POINT,D
475,,SFGPEWMSI------,1.X.3.2.1.1.2.2 ,INTERMEDIATE RANGE SS MISSILE LAUNCH,POINT,D
476,,SFGPEWMSL------,1.X.3.2.1.1.2.3 ,LONG RANGE SS MISSILE LAUNCH,POINT,D
477,,SFGPEWMT-------,1.X.3.2.1.1.3 ,MISSILE LAUNCHERS ANTI TANK (AT),POINT,D
478,,SFGPEWMTL------,1.X.3.2.1.1.3.1 ,MISSILE LAUNCHERS AT LIGHT,POINT,D
479,,SFGPEWMTM------,1.X.3.2.1.1.3.2 ,MISSILE LAUNCHER AT MEDIUM,POINT,D
480,,SFGPEWMTH------,1.X.3.2.1.1.3.3 ,MISSILE LAUNCHER AT HEAVY,POINT,D
481,,SFGPEWS--------,1.X.3.2.1.2 ,SINGLE ROCKET LAUNCHER,POINT,D
482,,SFGPEWSL-------,1.X.3.2.1.2.1 ,SINGLE ROCKET LAUNCHER LIGHT,POINT,D
483,,SFGPEWSM-------,1.X.3.2.1.2.2 ,SINGLE ROCKET LAUNCHER MEDIUM,POINT,D
484,,SFGPEWSH-------,1.X.3.2.1.2.3 ,SINGLE ROCKET LAUNCHER HEAVY,POINT,D
485,,SFGPEWX--------,1.X.3.2.1.3 ,MULTIPLE ROCKET LAUNCHER,POINT,D
486,,SFGPEWXL-------,1.X.3.2.1.3.1 ,MULTIPLE ROCKET LAUNCHER LIGHT,POINT,D
487,,SFGPEWXM-------,1.X.3.2.1.3.2 ,MULTIPLE ROCKET LAUNCHER MEDIUM,POINT,D
488,,SFGPEWXH-------,1.X.3.2.1.3.3 ,MULTIPLE ROCKET LAUNCHER HEAVY,POINT,D
489,,SFGPEWT--------,1.X.3.2.1.4 ,ANTITANK ROCKET LAUNCHER,POINT,D
490,,SFGPEWTL-------,1.X.3.2.1.4.1 ,ANTITANK ROCKET LAUNCHER LIGHT,POINT,D
491,,SFGPEWTM-------,1.X.3.2.1.4.2 ,ANTITANK ROCKET LAUNCHER MEDIUM,POINT,D
492,,SFGPEWTH-------,1.X.3.2.1.4.3 ,ANTITANK ROCKET LAUNCHER HEAVY,POINT,D
493,,SFGPEWR--------,1.X.3.2.1.5 ,RIFLE/AUTOMATIC WEAPON,POINT,D
494,,SFGPEWRR-------,1.X.3.2.1.5.1 ,RIFLE,POINT,D
495,,SFGPEWRL-------,1.X.3.2.1.5.2 ,LIGHT MACHINE GUN,POINT,D
496,,SFGPEWRH-------,1.X.3.2.1.5.3 ,HEAVY MACHINE GUN,POINT,D
497,,SFGPEWZ--------,1.X.3.2.1.6 ,GRENADE LAUNCHER,POINT,D
498,,SFGPEWZL-------,1.X.3.2.1.6.1 ,GRENADE LAUNCHER LIGHT,POINT,D
499,,SFGPEWZM-------,1.X.3.2.1.6.2 ,GRENADE LAUNCHER MEDIUM,POINT,D
500,,SFGPEWZH-------,1.X.3.2.1.6.3 ,GRENADE LAUNCHER HEAVY,POINT,D
501,,SFGPEWO--------,1.X.3.2.1.7 ,MORTAR,POINT,D
502,,SFGPEWOL-------,1.X.3.2.1.7.1 ,MORTAR LIGHT,POINT,D
503,,SFGPEWOM-------,1.X.3.2.1.7.2 ,MORTAR MEDIUM,POINT,D
504,,SFGPEWOH-------,1.X.3.2.1.7.3 ,MORTAR HEAVY,POINT,D
505,,SFGPEWH--------,1.X.3.2.1.8 ,HOWITZER,POINT,D
506,,SFGPEWHL-------,1.X.3.2.1.8.1 ,HOWITZER LIGHT,POINT,D
507,,SFGPEWHLS------,1.X.3.2.1.8.1.1 ,HOWITZER LIGHT SELF-PROPELLED,POINT,D
508,,SFGPEWHM-------,1.X.3.2.1.8.2 ,HOWITZER MEDIUM,POINT,D
509,,SFGPEWHMS------,1.X.3.2.1.8.2.1 ,HOWITZER MEDIUM SELF-PROPELLED,POINT,D
510,,SFGPEWHH-------,1.X.3.2.1.8.3 ,HOWITZER HEAVY,POINT,D
511,,SFGPEWHHS------,1.X.3.2.1.8.3.1 ,HOWITZER HEAVY SELF-PROPELLED,POINT,D
512,,SFGPEWG--------,1.X.3.2.1.9 ,ANTITANK GUN,POINT,D
513,,SFGPEWGR-------,1.X.3.2.1.9.1 ,ANTITANK GUN RECOILLESS,POINT,D
514,,SFGPEWGL-------,1.X.3.2.1.9.2 ,ANTITANK GUN LIGHT,POINT,D
515,,SFGPEWGM-------,1.X.3.2.1.9.3 ,ANTITANK GUN MEDIUM,POINT,D
516,,SFGPEWGH-------,1.X.3.2.1.9.4 ,ANTITANK GUN HEAVY,POINT,D
517,,SFGPEWD--------,1.X.3.2.1.10 ,DIRECT FIRE GUN,POINT,D
518,,SFGPEWDL-------,1.X.3.2.1.10.1 ,DIRECT FIRE GUN LIGHT,POINT,D
519,,SFGPEWDLS------,1.X.3.2.1.10.1.1 ,DIRECT FIRE GUN LIGHT SELF-PROPELLED,POINT,D
520,,SFGPEWDM-------,1.X.3.2.1.10.2 ,DIRECT FIRE GUN MEDIUM,POINT,D
521,,SFGPEWDMS------,1.X.3.2.1.10.2.1 ,DIRECT FIRE GUN MEDIUM SELF-PROPELLED,POINT,D
522,,SFGPEWDH-------,1.X.3.2.1.10.3 ,DIRECT FIRE GUN HEAVY,POINT,D
523,,SFGPEWDHS------,1.X.3.2.1.10.3.1 ,DIRECT FIRE GUN HEAVY SELF-PROPELLED,POINT,D
524,,SFGPEWA--------,1.X.3.2.1.11 ,AIR DEFENCE GUN,POINT,D
525,,SFGPEWAL-------,1.X.3.2.1.11.1 ,AIR DEFENCE GUN LIGHT,POINT,D
526,,SFGPEWAM-------,1.X.3.2.1.11.2 ,AIR DEFENCE GUN MEDIUM,POINT,D
527,,SFGPEWAH-------,1.X.3.2.1.11.3 ,AIR DEFENCE GUN HEAVY,POINT,D
528,,SFGPEV---------,1.X.3.2.2 ,GROUND VEHICLE,POINT,D
529,,SFGPEVA--------,1.X.3.2.2.1 ,ARMOURED VEHICLE,POINT,D
530,,SFGPEVAT-------,1.X.3.2.2.1.1 ,TANK,POINT,D
531,,SFGPEVATL------,1.X.3.2.2.1.1.1 ,TANK LIGHT,POINT,D
532,,SFGPEVATW------,1.X.3.2.2.1.1.1.1 ,TANK LIGHT RECOVERY,POINT,D
533,,SFGPEVATM------,1.X.3.2.2.1.1.2 ,TANK MEDIUM,POINT,D
534,,SFGPEVATX------,1.X.3.2.2.1.1.2.1 ,TANK MEDIUM RECOVERY,POINT,D
535,,SFGPEVATH------,1.X.3.2.2.1.1.3 ,TANK HEAVY,POINT,D
536,,SFGPEVATY------,1.X.3.2.2.1.1.3.1 ,TANK HEAVY RECOVERY,POINT,D
537,,SFGPEVAA-------,1.X.3.2.2.1.2 ,ARMOURED PERSONNEL CARRIER,POINT,D
538,,SFGPEVAAR------,1.X.3.2.2.1.2.1 ,ARMOURED PERSONNEL CARRIER RECOVERY,POINT,D
539,,SFGPEVAI-------,1.X.3.2.2.1.3 ,ARMOURED INFANTRY,POINT,D
540,,SFGPEVAC-------,1.X.3.2.2.1.4 ,C2V/ACV,POINT,D
541,,SFGPEVAS-------,1.X.3.2.2.1.5 ,COMBAT SERVICE SUPPORT VEHICLE,POINT,D
542,,SFGPEVAL-------,1.X.3.2.2.1.6 ,LIGHT ARMOURED VEHICLE,POINT,D
543,,SFGPEVU--------,1.X.3.2.2.2 ,UTILITY VEHICLE,POINT,D
544,,SFGPEVUB-------,1.X.3.2.2.2.1 ,BUS,POINT,D
545,,SFGPEVUS-------,1.X.3.2.2.2.2 ,SEMI,POINT,D
546,,SFGPEVUL-------,1.X.3.2.2.2.3 ,LIMITED CROSS-COUNTRY TRUCK,POINT,D
547,,SFGPEVUX-------,1.X.3.2.2.2.4 ,CROSS-COUNTRY TRUCK,POINT,D
548,,SFGPEVUR-------,1.X.3.2.2.2.5 ,WATER CRAFT,POINT,D
549,,SFGPEVE--------,1.X.3.2.2.3 ,ENGINEER VEHICLE,POINT,D
550,,SFGPEVEB-------,1.X.3.2.2.3.1 ,BRIDGE,POINT,D
551,,SFGPEVEE-------,1.X.3.2.2.3.2 ,EARTHMOVER,POINT,D
552,,SFGPEVEE-------,1.X.3.2.2.3.2.1 ,MULTIFUNCTIONAL EARTHMOVER/DIGGER,POINT,D
553,,SFGPEVEC-------,1.X.3.2.2.3.3 ,CONSTRUCTION VEHICLE,POINT,D
554,,SFGPEVEM-------,1.X.3.2.2.3.4 ,MINE LAYING VEHICLE,POINT,D
555,,SFGPEVEMA------,1.X.3.2.2.3.4.1 ,ARMOURED VEHICLE MOUNTED,POINT,D
556,,SFGPEVEMT------,1.X.3.2.2.3.4.2 ,TRAILER MOUNTED,POINT,D
557,,SFGPEVEMSM-----,1.X.3.2.2.3.4.5 ,ARMOURED CARRIER WITH SCATTERABLE MINES,POINT,D
558,,SFGPEVED-------,1.X.3.2.2.3.5 ,DOZER,POINT,D
559,,SFGPEVD--------,1.X.3.2.2.3.6 ,DRILLING VEHICLE,POINT,D
560,,SFGPEVST-------,1.X.3.2.2.4 ,TRAIN LOCOMOTIVE,POINT,D
561,,SFGPEVC--------,1.X.3.2.2.5 ,CIVILIAN VEHICLE,POINT,D
562,,SFGPES---------,1.X.3.2.3 ,SENSOR,POINT,D
563,,SFGPESR--------,1.X.3.2.3.1 ,RADAR,POINT,D
564,,SFGPESE--------,1.X.3.2.3.2 ,EMPLACED SENSOR,POINT,D
565,,SFGPEXL--------,1.X.3.2.4.1 ,LASER,POINT,D
566,,SFGPEXN--------,1.X.3.2.4.2 ,CBRN EQUIPMENT,POINT,D
567,,SFGPEXF--------,1.X.3.2.4.3 ,FLAME THROWER,POINT,D
568,,SFGPEXM--------,1.X.3.2.4.4 ,LAND MINES,POINT,D
569,,SFGPEXMC-------,1.X.3.2.4.4.1 ,LAND MINES LETHAL ,POINT,D
570,,SFGPEXML-------,1.X.3.2.4.4.2 ,LESS THAN LETHAL,POINT,D
571,,SFGPI-----H----,1.X.3.3 ,INSTALLATION,POINT,D
572,,SFGPIR----H----,1.X.3.3.1 ,RAW MATERIAL PRODUCTION/STORAGE,POINT,D
573,,SFGPIRM---H----,1.X.3.3.1.1 ,MINE,POINT,D
574,,SFGPIRP---H----,1.X.3.3.1.2 ,PETROLEUM/GAS/OIL,POINT,D
575,,SFGPIRN---H----,1.X.3.3.1.3 ,CBRN,POINT,D
576,,SFGPIRNB--H----,1.X.3.3.1.3.1 ,BIOLOGICAL,POINT,D
577,,SFGPIRNC--H----,1.X.3.3.1.3.2 ,CHEMICAL,POINT,D
578,,SFGPIRNN--H----,1.X.3.3.1.3.3 ,NUCLEAR,POINT,D
579,,SFGPIP----H----,1.X.3.3.2 ,PROCESSING FACILITY,POINT,D
580,,SFGPIPD---H----,1.X.3.3.2.1 ,DECON,POINT,D
581,,SFGPIE----H----,1.X.3.3.3 ,EQUIPMENT MANUFACTURE,POINT,D
582,,SFGPIU----H----,1.X.3.3.4 ,SERVICE RESEARCH UTILITY FACILITY ,POINT,D
583,,SFGPIUR---H----,1.X.3.3.4.1 ,TECHNOLOGICAL RESEARCH FACILITY,POINT,D
584,,SFGPIUT---H----,1.X.3.3.4.2 ,TELECOMMUNICATIONS FACILITY,POINT,D
585,,SFGPIUE---H----,1.X.3.3.4.3 ,ELECTRIC POWER FACILITY,POINT,D
586,,SFGPIUP---H----,1.X.3.3.4.4 ,PUBLIC WATER SERVICES,POINT,D
587,,SFGPIMF---H----,1.X.3.3.5.1 ,ATOMIC ENERGY PRODUCTION,POINT,D
588,,SFGPIMA---H----,1.X.3.3.5.2 ,AIRCRAFT PRODUCTION & ASSEMBLY,POINT,D
589,,SFGPIME---H----,1.X.3.3.5.3 ,AMMUNITION AND EXPLOSIVES PRODUCTION,POINT,D
590,,SFGPIMG---H----,1.X.3.3.5.4 ,ARMAMENT PRODUCTION,POINT,D
591,,SFGPIMV---H----,1.X.3.3.5.5 ,MILITARY VEHICLE PRODUCTION,POINT,D
592,,SFGPIMN---H----,1.X.3.3.5.6 ,ENGINEERING EQUIPMENT PRODUCTION,POINT,D
593,,SFGPIMNB--H----,1.X.3.3.5.6.1 ,BRIDGE,POINT,D
594,,SFGPIMC---H----,1.X.3.3.5.7 ,CHEMICAL & BIOLOGICAL WARFARE PRODUCTION,POINT,D
595,,SFGPIMS---H----,1.X.3.3.5.8 ,SHIP CONSTRUCTION,POINT,D
596,,SFGPIMM---H----,1.X.3.3.5.9 ,MISSILE & SPACE SYSTEM PRODUCTION,POINT,D
597,,SFGPIG----H----,1.X.3.3.6 ,GOVERNMENT LEADERSHIP,POINT,D
598,,SFGPIB----H----,1.X.3.3.7 ,MILITARY BASE/FACILITY,POINT,D
599,,SFGPIBA---H----,1.X.3.3.7.1 ,AIRPORT/AIRBASE,POINT,D
600,,SFGPIBN---H----,1.X.3.3.7.2 ,SEAPORT/NAVAL BASE,POINT,D
601,,SFGPIT----H----,1.X.3.3.8 ,TRANSPORT FACILITY,POINT,D
602,,SFGPIX----H----,1.X.3.3.9 ,MEDICAL FACILITY,POINT,D
603,,SFGPIXH---H----,1.X.3.3.9.1 ,HOSPITAL,POINT,D
604,,SFGPIR----H----,1.X.3.4 ,SEA SURFACE INSTALLATION,POINT,D
605,,SFSP-----------,1.X.4 ,SEA SURFACE TRACK,POINT,D
606,,SFSPC----------,1.X.4.1 ,COMBATANT,POINT,D
607,,SFSPCL---------,1.X.4.1.1 ,LINE,POINT,D
608,,SFSPCLCV-------,1.X.4.1.1.1 ,CARRIER,POINT,D
609,,SFSPCLBB-------,1.X.4.1.1.2 ,BATTLESHIP,POINT,D
610,,SFSPCLCC-------,1.X.4.1.1.3 ,CRUISER,POINT,D
611,,SFSPCLDD-------,1.X.4.1.1.4 ,DESTROYER,POINT,D
612,,SFSPCLFF-------,1.X.4.1.1.5 ,FRIGATE/CORVETTE,POINT,D
613,,SFSPCA---------,1.X.4.1.2 ,AMPHIBIOUS WARFARE SHIP,POINT,D
614,,SFSPCALA-------,1.X.4.1.2.1 ,ASSAULT VESSEL,POINT,D
615,,SFSPCALS-------,1.X.4.1.2.2 ,LANDING SHIP,POINT,D
616,,SFSPCALC-------,1.X.4.1.2.3 ,LANDING CRAFT,POINT,D
617,,SFSPCM---------,1.X.4.1.3 ,MINE WARFARE VESSEL,POINT,D
618,,SFSPCMML-------,1.X.4.1.3.1 ,MINELAYER,POINT,D
619,,SFSPCMMS-------,1.X.4.1.3.2 ,MINESWEEPER,POINT,D
620,,SFSPCMMH-------,1.X.4.1.3.3 ,MINEHUNTER,POINT,D
621,,SFSPCMMD-------,1.X.4.1.3.5 ,MCM DRONE,POINT,D
622,,SFSPCP---------,1.X.4.1.4 ,PATROL,POINT,D
623,,SFSPCPSB-------,1.X.4.1.4.1 ,ANTI SUBMARINE WARFARE,POINT,D
624,,SFSPCPSU-------,1.X.4.1.4.2 ,ANTI SURFACE WARFARE,POINT,D
625,,SFSPCH---------,1.X.4.1.5 ,HOVERCRAFT,POINT,D
626,,SFSPGF---------,1.X.4.1.6.1 ,NAVY TASK FORCE,POINT,D
627,,SFSPGG---------,1.X.4.1.6.2 ,NAVY TASK GROUP,POINT,D
628,,SFSPGU---------,1.X.4.1.6.3 ,NAVY TASK UNIT,POINT,D
629,,SFSPGE---------,1.X.4.1.6.4 ,NAVY TASK ELEMENT,POINT,D
630,,SFSPGC---------,1.X.4.1.6.5 ,CONVOY,POINT,D
631,,SFSPN----------,1.X.4.2 ,NONCOMBATANT,POINT,D
632,,SFSPNR---------,1.X.4.2.1 ,UNDERWAY REPLENISHMENT,POINT,D
633,,SFSPNRA--------,1.X.4.2.1.1 ,UNDERWAY REPLENISHMENT AMMO ,POINT,D
634,,SFSPNOT--------,1.X.4.2.1.2 ,UNDERWAY REPLENISHMENT OIL ,POINT,D
635,,SFSPNFT--------,1.X.4.2.2 ,FLEET SUPPORT TUG OCEAN GOING ,POINT,D
636,,SFSPNI---------,1.X.4.2.3 ,INTELLIGENCE,POINT,D
637,,SFSPNM---------,1.X.4.2.4 ,HOSPITAL SHIP,POINT,D
638,,SFSPNR---------,1.X.4.2.5 ,REPAIR SHIP,POINT,D
639,,SFSPNTS--------,1.X.4.2.6 ,SUBMARINE TENDER,POINT,D
640,,SFSPNH---------,1.X.4.2.7 ,HOVERCRAFT,POINT,D
641,,SFSPNS---------,1.X.4.2.8 ,SERVICE & SUPPORT HARBOUR,POINT,D
642,,SFSPXM---------,1.X.4.3.1 ,MERCHANT,POINT,D
643,,SFSPXMC--------,1.X.4.3.1.1 ,CARGO,POINT,D
644,,SFSPXME--------,1.X.4.3.1.2 ,ROLL ON-ROLL OFF,POINT,D
645,,SFSPXMO--------,1.X.4.3.1.3 ,OILER/TANKER,POINT,D
646,,SFSPXMT--------,1.X.4.3.1.4 ,TUG,POINT,D
647,,SFSPXMF--------,1.X.4.3.1.5 ,FERRY,POINT,D
648,,SFSPXMP--------,1.X.4.3.1.6 ,PASSENGER,POINT,D
649,,SFSPXMHZ-------,1.X.4.3.1.7 ,HAZARDOUS MATERIALS,POINT,D
650,,SFSPXMD--------,1.X.4.3.1.8 ,DREDGE,POINT,D
651,,SFSPXF---------,1.X.4.3.2 ,FISHING,POINT,D
652,,SFSPXMDF-------,1.X.4.3.2.1 ,DRIFTER,POINT,D
653,,SFSPXMTR-------,1.X.4.3.2.2 ,TRAWLER,POINT,D
654,,SFSPXR---------,1.X.4.3.3 ,LEISURE CRAFT,POINT,D
655,,SFSPXL---------,1.X.4.3.4 ,LAW ENFORCEMENT VESSEL,POINT,D
656,,SFSPXH---------,1.X.4.3.5 ,HOVERCRAFT,POINT,D
657,,SFSPO----------,1.X.4.4 ,OWN TRACK,POINT,D
658,,SFSPED---------,1.X.4.5.1 ,DITCHED AIRCRAFT,POINT,D
659,,SFSPEP---------,1.X.4.5.2 ,PERSON IN WATER,POINT,D
660,,SFSPEV---------,1.X.4.5.3 ,DISTRESSED VESSEL,POINT,D
661,,SFSPZM---------,1.X.4.6.1 ,SEA MINELIKE,POINT,D
662,,SFSPZN---------,1.X.4.6.2 ,NAVIGATIONAL,POINT,D
663,,SFSPZI---------,1.X.4.6.3 ,ICEBERG,POINT,D
664,,SFUP-----------,1.X.5 ,SUBSURFACE TRACK,POINT,D
665,,SFUPS----------,1.X.5.1 ,SUBMARINE,POINT,D
666,,SFUPSN---------,1.X.5.1.1 ,NUCLEAR PROPULSION,POINT,D
667,,SFUPSC---------,1.X.5.1.2 ,CONVENTIONAL PROPULSION,POINT,D
668,,SFUPSO---------,1.X.5.1.3 ,OTHER SUBMERSIBLE,POINT,D
669,,SFUPW----------,1.X.5.2 ,UNDERWATER WEAPON,POINT,D
670,,SFUPWT---------,1.X.5.2.1 ,TORPEDO,POINT,D
671,,SFUPWM---------,1.X.5.2.2 ,SEA MINE,POINT,D
672,,SFUPWMD--------,1.X.5.2.2.1 ,SEA MINE DEALT,POINT,D
673,,SFUPWMG--------,1.X.5.2.2.2 ,SEA MINE (GROUND),POINT,D
674,,SFUPWMGD-------,1.X.5.2.2.2.1 ,SEA MINE (GROUND) DEALT,POINT,D
675,,SFUPWMM--------,1.X.5.2.2.3 ,SEA MINE (MOORED),POINT,D
676,,SFUPWMMD-------,1.X.5.2.2.3.1 ,SEA MINE (MOORED DEALT,POINT,D
677,,SFUPWMF--------,1.X.5.2.2.4 ,SEA MINE (FLOATING),POINT,D
678,,SFUPWMFD-------,1.X.5.2.2.4.1 ,SEA MINE (FLOATING) DEALT,POINT,D
679,,SFUPWMO--------,1.X.5.2.2.5 ,SEA MINE (IN OTHER POSITION),POINT,D
680,,SFUPWMOD-------,1.X.5.2.2.5.1 ,SEA MINE (IN OTHER POSITION) DEALT,POINT,D
681,,SFUPWV---------,1.X.5.2.3 ,DRONE (UUV),POINT,D
682,,SFUPWD---------,1.X.5.3 ,UNDERWATER DECOY,POINT,D
683,,SFUPWDM--------,1.X.5.3.1 ,SEA MINE DECOY,POINT,D
684,,SFUPN----------,1.X.5.4 ,NON-SUBMARINE,POINT,D
685,,SFUPND---------,1.X.5.4.1 ,DIVER,POINT,D
686,,SFUPNBS--------,1.X.5.4.2.1 ,SEABED INSTALLATION/MANMADE,POINT,D
687,,SFUPNBR--------,1.X.5.4.2.2 ,SEABED ROCK/STONE OBSTACLE OTHER ,POINT,D
688,,SFUPNBW--------,1.X.5.4.2.3 ,WRECK,POINT,D
689,,SFUPNM---------,1.X.5.4.3 ,MARINE LIFE,POINT,D
690,,SFUPNA---------,1.X.5.4.4 ,SEA ANOMALY,POINT,D
691,,SFFP-----------,1.X.6 ,SPECIAL OPERATIONS FORCE (SOF) UNIT,POINT,D
692,,SFFPAF---------,1.X.6.1.1 ,SOF UNIT FIXED WING,POINT,D
693,,SFFPAFA--------,1.X.6.1.1.1 ,SOF UNIT ATTACK,POINT,D
694,,SFFPAFK--------,1.X.6.1.1.2 ,SOF UNIT REFUEL,POINT,D
695,,SFFPAFU--------,1.X.6.1.1.3 ,SOF UNIT UTILITY,POINT,D
696,,SFFPAFUL-------,1.X.6.1.1.3.1 ,SOF UNIT UTILITY (LIGHT),POINT,D
697,,SFFPAFUM-------,1.X.6.1.1.3.2 ,SOF UNIT UTILITY (MEDIUM),POINT,D
698,,SFFPAFUH-------,1.X.6.1.1.3.3 ,SOF UNIT UTILITY (HEAVY),POINT,D
699,,SFFPAV---------,1.X.6.1.2 ,SOF UNIT VSTOL,POINT,D
700,,SFFPAH---------,1.X.6.1.3 ,SOF UNIT ROTARY WING,POINT,D
701,,SFFPAHH--------,1.X.6.1.3.1 ,SOF UNIT COMBAT SEARCH AND RESCUE,POINT,D
702,,SFFPAHA--------,1.X.6.1.3.2 ,SOF UNIT ATTACK,POINT,D
703,,SFFPAHU--------,1.X.6.1.3.3 ,SOF UNIT UTILITY,POINT,D
704,,SFFPAHUL-------,1.X.6.1.3.3.1 ,SOF UNIT UTILITY (LIGHT),POINT,D
705,,SFFPAHUM-------,1.X.6.1.3.3.2 ,SOF UNIT UTILITY (MEDIUM),POINT,D
706,,SFFPAHUH-------,1.X.6.1.3.3.3 ,SOF UNIT UTILITY (HEAVY),POINT,D
707,,SFFPSN---------,1.X.6.2 ,SOF UNIT SOF UNIT NAVAL,POINT,D
708,,SFFPSNS--------,1.X.6.2.1 ,SOF UNIT SEAL,POINT,D
709,,SFFPSNU--------,1.X.6.2.2 ,SOF UNIT UNDERWATER DEMOLITION TEAM,POINT,D
710,,SFFPSNB--------,1.X.6.2.3 ,SOF UNIT SPECIAL BOAT,POINT,D
711,,SFFPSNN--------,1.X.6.2.4 ,SOF UNIT SPECIAL SSNR,POINT,D
712,,SFFPG----------,1.X.6.3 ,SOF UNIT GROUND,POINT,D
713,,SFFPGS---------,1.X.6.3.1 ,SOF UNIT SPECIAL FORCES,POINT,D
714,,SFFPGSR--------,1.X.6.3.2 ,SOF UNIT RANGER,POINT,D
715,,SFFPGSP--------,1.X.6.3.3 ,SOF UNIT PSYCHOLOGICAL OPERATIONS (PSYOPS),POINT,D
716,,SFFPGSPA-------,1.X.6.3.3.1 ,SOF UNIT FIXED AVIATION,POINT,D
717,,SFFPGCA--------,1.X.6.3.4 ,SOF UNIT CIVIL AFFAIRS,POINT,D
718,,SFFPGB---------,1.X.6.4 ,SOF UNIT SUPPORT,POINT,D
719,,GFTPGB---------,2.X.1.1.1,BLOCK,LINE,E
720,,GFTPGH---------,2.X.1.1.2,BREACH,LINE,E
721,,GFTPGY---------,2.X.1.1.3,BYPASS,LINE,E
722,,GFTPGC---------,2.X.1.1.4,CANALIZE,LINE,E
723,,GFTPGX---------,2.X.1.1.5,CLEAR,LINE,E
724,,GFTPGJ---------,2.X.1.1.6,CONTAIN,LINE,E
725,,GFTPGK---------,2.X.1.1.7,COUNTERATTACK (CATK),LINE,E
726,,GFTPGKF--------,2.X.1.1.7.1,COUNTERATTACK BY FIRE,LINE,E
727,,GFTPGL---------,2.X.1.1.8,DELAY,LINE,E
728,,GFTPGLT--------,2.X.1.1.8.1,DELAY (UNTIL A SPECIFIED TIME),LINE,E
729,,GFTPGD---------,2.X.1.1.9,DESTROY,POINT,E
730,,GFTPGT---------,2.X.1.1.10,DISRUPT,LINE,E
731,,GFTPGF---------,2.X.1.1.11,FIX,LINE,E
732,,GFTPGA---------,2.X.1.1.12,FOLLOW AND ASSUME,LINE,E
733,,GFTPGAS--------,2.X.1.1.12.1,FOLLOW AND SUPPORT,LINE,E
734,,GFTPGI---------,2.X.1.1.13,INTERDICT,POINT,E
735,,GFTPGE---------,2.X.1.1.14,ISOLATE,LINE,E
736,,GFTPGN---------,2.X.1.1.15,NEUTRALIZE,POINT,E
737,,GFTPGO---------,2.X.1.1.16,OCCUPY,LINE,E
738,,GFTPGP---------,2.X.1.1.17,PENETRATE,LINE,E
739,,GFTPGR---------,2.X.1.1.18,RELIEF IN PLACE (RIP),LINE,E
740,,GFTPGQ---------,2.X.1.1.19,RETAIN,LINE,E
741,,GFTPGM---------,2.X.1.1.20,RETIREMENT,LINE,E
742,,GFTPGS---------,2.X.1.1.21,SECURE,LINE,E
743,,GFTPGSS--------,2.X.1.1.21.1,SECURITY (SCREEN),LINE,E
744,,GFTPGSG--------,2.X.1.1.21.2,SECURITY (GUARD),LINE,E
745,,GFTPGSC--------,2.X.1.1.21.3,SECURITY (COVER),LINE,E
746,,GFTPGZ---------,2.X.1.1.22,SEIZE,LINE,E
747,,GFTPGW---------,2.X.1.1.23,WITHDRAW,LINE,E
748,,GFTPGWP--------,2.X.1.1.23.1,WITHDRAW UNDER PRESSURE,LINE,E
749,,GFCPMGPFE------,2.X.2.1.1.1.1.1,ELECTRO-MAGNETIC,POINT,E
750,,GFCPMGPFA------,2.X.2.1.1.1.1.2,ACOUSTIC,POINT,E
751,,GFCPMGPFO------,2.X.2.1.1.1.1.3,ELECTRO-OPTICAL,POINT,E
752,,GFCPMGPI-------,2.X.2.1.1.1.2,POINT OF INTEREST,POINT,E
753,,GFCPMGLBGF-----,2.X.2.1.1.2.1.1.1,FRIENDLY PRESENT,LINE,E
754,,GFCPMGLBGO-----,2.X.2.1.1.2.1.1.2,FRIENDLY PLANNED OR ON ORDER,LINE,E
755,,GHCPMGLBGK-----,2.X.2.1.1.2.1.1.3,ENEMY KNOWN,LINE,E
756,,GHCPMGLBGS-----,2.X.2.1.1.2.1.1.4,ENEMY SUSPECTED OR TEMPLA TED,LINE,E
757,,GFCPMGLBL------,2.X.2.1.1.2.1.2,LATERAL BOUNDARY,LINE,E
758,,GFCPMGLBF------,2.X.2.1.1.2.1.3,FORWARD BOUNDARY,LINE,E
759,,GFCPMGLBR------,2.X.2.1.1.2.1.4,REAR BOUNDARY,LINE,E
760,,GFCPMGLF-------,2.X.2.1.1.2.2,FORWARD LINE OF TROOPS (FLOT),LINE,E
761,,GFCPMGLL-------,2.X.2.1.1.2.3,LINE OF CONTACT,LINE,E
762,,GFCPMGLP-------,2.X.2.1.1.2.4,PHASE/COORDINATION LINE,LINE,E
763,,GFCPMGLE-------,2.X.2.1.1.2.5,BEARING LINE,LINE,E
764,,GFCPMGLEE------,2.X.2.1.1.2.5.1,ELECTRONIC,LINE,E
765,,GFCPMGLEA------,2.X.2.1.1.2.5.2,ACOUSTIC,LINE,E
766,,GFCPMGLET------,2.X.2.1.1.2.5.3,TORPEDO,LINE,E
767,,GFCPMGLEO------,2.X.2.1.1.2.5.4,ELECTRO-OPTICAL INTERCEPT,LINE,E
768,,GFCPMGAUAF-----,2.X.2.1.1.3.1.1.1,FRIENDLY,AREA,E
769,,GFCPMGAUAP-----,2.X.2.1.1.3.1.1.2,FRIENDLY PLANNED/ON ORDER,AREA,E
770,,GHCPMGAUAE-----,2.X.2.1.1.3.1.1.3,ENEMY KNOWN/CONFIRMED,AREA,E
771,,GHCPMGAUAS-----,2.X.2.1.1.3.1.1.4,ENEMY SUSPECTED/TEMPLATED,AREA,E
772,,GFCPMGAUB------,2.X.2.1.1.3.1.2,ASSEMBLY AREA,AREA,E
773,,GFCPMGAUBO-----,2.X.2.1.1.3.1.2.1,OCCUPIED,AREA,E
774,,GFCPMGAUBM-----,2.X.2.1.1.3.1.2.2,OCCUPIED BY MULTIPLE UNITS,AREA,E
775,,GFCPMGAUBR-----,2.X.2.1.1.3.1.2.3,PROPOSED/ON ORDER,AREA,E
776,,GFCPMGASD------,2.X.2.1.1.3.2.1,DROP ZONE (DZ),AREA,E
777,,GFCPMGASE------,2.X.2.1.1.3.2.2,EXTRACTION ZONE (EZ),AREA,E
778,,GFCPMGASL------,2.X.2.1.1.3.2.3,LANDING ZONE (LZ),AREA,E
779,,GFCPMGASP------,2.X.2.1.1.3.2.4,PICKUP ZONE (PZ),AREA,E
780,,GFCPMGASS------,2.X.2.1.1.3.2.5,SEARCH AREA/RECONNAISSANCE AREA,AREA,E
781,,GFCPMGASM------,2.X.2.1.1.3.2.6,LIMITED ACCESS AREA,AREA,E
782,,GFCPMGASG------,2.X.2.1.1.3.2.7,ENGAGEMENT AREA,AREA,E
783,,GFCPMGASF------,2.X.2.1.1.3.2.8,FORTIFIED AREA,AREA,E
784,,GFCPMGAST------,2.X.2.1.1.3.2.9,STAGING AREA,AREA,E
785,,GFCPMAAP-------,2.X.2.1.2.1.1,AIR CONTROL POINT (ACP),POINT,E
786,,GFCPMAAC-------,2.X.2.1.2.1.2,COMMUNICATIONS CHECKPOINT (CCP),POINT,E
787,,GFCPMAAU-------,2.X.2.1.2.1.3,POP UP POINT (PUP),POINT,E
788,,GFCPMAAD-------,2.X.2.1.2.1.4,DOWNED AIRCREW PICK UP POINT,POINT,E
789,,GFCPMALC-------,2.X.2.1.2.2.1,AIR CORRIDOR,LINE,E
790,,GFCPMALM-------,2.X.2.1.2.2.2,MINIMUM RISK ROUTE (MRR),LINE,E
791,,GFCPMALS-------,2.X.2.1.2.2.3,STANDARD-USE ARMY AIRCRAFT FLIGHT ROUTE (SAAFR),LINE,E
792,,GFCPMALU-------,2.X.2.1.2.2.4,UNMANNED AERIAL VEHICLE (UAV) ROUTE,LINE,E
793,,GFCPMALL-------,2.X.2.1.2.2.5,LOW LEVEL TRANSIT ROUTE (LLTR),LINE,E
794,,GFCPMALIN------,2.X.2.1.2.2.6,IFF ON LINE,LINE,E
795,,GFCPMALIF------,2.X.2.1.2.2.7,IFF OFF LINE,LINE,E
796,,GFCPMAVR-------,2.X.2.1.2.3.1,RESTRICTED OPERATIONS ZONE (ROZ),AREA,E
797,,GFCPMAVF-------,2.X.2.1.2.3.2,FORWARD AREA AIR DEFENCE ZONE (FAADEZ),AREA,E
798,,GFCPMAVH-------,2.X.2.1.2.3.3,HIGH DENSITY AIRSPACE CONTROL ZONE (HIDACZ),AREA,E
799,,GFCPMAVM-------,2.X.2.1.2.3.4,MISSILE ENGAGEMENT ZONE (MEZ),AREA,E
800,,GFCPMAVML------,2.X.2.1.2.3.4.1,LOW ALTITUDE MEZ,AREA,E
801,,GFCPMAVMH------,2.X.2.1.2.3.4.2,HIGH ALTITUDE MEZ,AREA,E
802,,GFCPMAVW-------,2.X.2.1.2.3.5,WEAPONS FREE ZONE,AREA,E
803,,GFCPMDD--------,2.X.2.1.3.1,DUMMY (DECEPTION)(DECOY),LINE,E
804,,GFCPMDA--------,2.X.2.1.3.2,AXIS OF ADVANCE FOR FEINT,LINE,E
805,,GFCPMDF--------,2.X.2.1.3.3,DIRECTION OF ATTACK FOR FEINT,LINE,E
806,,GFCPMDM--------,2.X.2.1.3.4,DECOY MINED AREA,AREA,E
807,,GFCPMDY--------,2.X.2.1.3.5,DECOY MINED AREA FENCED ,AREA,E
808,,GFCPMDN--------,2.X.2.1.3.6,DUMMY MINEFIELD,POINT,E
809,,GFCPMMPT-------,2.X.2.1.4.1.1,TARGET REFERENCE POINT (TRP),POINT,E
810,,GFCPMMPBO------,2.X.2.1.4.1.2.1,OCCUPIED (BATTALION SIZED UNIT),AREA,E
811,,GFCPMMPBP------,2.X.2.1.4.1.2.2,PREPARED (P) BUT NOT OCCUPIED,AREA,E
812,,GFCPMMPBL------,2.X.2.1.4.1.2.3,PLANNED,AREA,E
813,,GFCPMMPSF------,2.X.2.1.4.1.3.1,FRIENDLY,AREA,E
814,,GHCPMMPSE------,2.X.2.1.4.1.3.2,ENEMY KNOWN AND CONFIRMED,AREA,E
815,,GFCPMMPO-------,2.X.2.1.4.1.4,OBSERVATION POST/OUTPOST,POINT,E
816,,GFCPMMPOC------,2.X.2.1.4.1.4.1,COMBAT OUTPOST,POINT,E
817,,GFCPMMPOR------,2.X.2.1.4.1.4.2,OBSERVATION POST OCCUPIED BY DISMOUNTED SCOUTS OR RECONNAISSANCE,POINT,E
818,,GFCPMMPOF------,2.X.2.1.4.1.4.3,FORWARD OBSERVER POSITION,POINT,E
819,,GFCPMMPOS------,2.X.2.1.4.1.4.4,SENSOR OUTPOST/LISTENING POST (OP/LP),POINT,E
820,,GFCPMMPON------,2.X.2.1.4.1.4.5,CBRN OBSERVATION POST (DISMOUNTED),POINT,E
821,,GFCPMMPON------,2.X.2.1.4.1.4.6,FORWARD AIR CONTROLLER (FAC),POINT,E
822,,GFCPMMPON------,2.X.2.1.4.1.4.7,TACTICAL AIR CONTROL PARTY (TACP),POINT,E
823,,GFCPMMDF-------,2.X.2.1.4.2.1,FORWARD EDGE OF BATTLE AREA (FEBA),LINE,E
824,,GFCPMMDFA------,2.X.2.1.4.2.1.1,ACTUAL TRACE OF THE FEBA,LINE,E
825,,GFCPMMDFP------,2.X.2.1.4.2.1.2,PROPOSED OR ON ORDER TRACE OF THE FEBA,LINE,E
826,,GFCPMMDP-------,2.X.2.1.4.2.2,PRINCIPLE DIRECTION OF FIRE (PDF),LINE,E
827,,GFCPMMAE-------,2.X.2.1.4.3.1,ENGAGEMENT AREA (EA),AREA,E
828,,GFCPMOPD-------,2.X.2.1.5.1.1,POINT OF DEPARTURE,POINT,E
829,,GFCPMOLAF------,2.X.2.1.5.2.1.1,FRIENDLY AVIATION,LINE,E
830,,GFCPMOLAA------,2.X.2.1.5.2.1.2,FRIENDLY AIRBORNE,LINE,E
831,,GFCPMOLAH------,2.X.2.1.5.2.1.3,FRIENDLY ATTACK HELICOPTER,LINE,E
832,,GFCPMOLAS------,2.X.2.1.5.2.1.4,FRIENDLY GROUND AXIS OF SUPPORTING ATTACK,LINE,E
833,,GFCPMOLAM------,2.X.2.1.5.2.1.5,FRIENDLY GROUND AXIS OF MAIN ATTACK,LINE,E
834,,GFCPMOLAO------,2.X.2.1.5.2.1.6,FRIENDLY GROUND AXIS ON ORDER WITH DATE AND TIME (IF KNOWN) EFFECTIVE,LINE,E
835,,GHCPMOLAE------,2.X.2.1.5.2.1.7,ENEMY CONFIRMED,LINE,E
836,,GHCPMOLAT------,2.X.2.1.5.2.1.8,ENEMY TEMPLATED,LINE,E
837,,GFCPMOLDF------,2.X.2.1.5.2.2.1,FRIENDLY AVIATION,LINE,E
838,,GFCPMOLDY------,2.X.2.1.5.2.2.2,FRIENDLY AVIATION PLANNED OR ON ORDER,LINE,E
839,,GHCPMOLDE------,2.X.2.1.5.2.2.3,ENEMY KNOWN/CONFIRMED A VIA TION,LINE,E
840,,GHCPMOLDT------,2.X.2.1.5.2.2.4,TEMPLATED ENEMY AVIATION,LINE,E
841,,GHCPMOLDG------,2.X.2.1.5.2.2.5,ENEMY CONFIRMED/KNOWN GROUND,LINE,E
842,,GHCPMOLDR------,2.X.2.1.5.2.2.6,TEMPLATED ENEMY GROUND,LINE,E
843,,GFCPMOLDS------,2.X.2.1.5.2.2.7,FRIENDLY DIRECTION OF SUPPORTING ATTACK,LINE,E
844,,GFCPMOLDM------,2.X.2.1.5.2.2.8,FRIENDLY DIRECTION OF MAIN ATTACK,LINE,E
845,,GFCPMOLDO------,2.X.2.1.5.2.2.9,FRIENDLY PLANNED OR ON ORDER,LINE,E
846,,GFCPMOLF-------,2.X.2.1.5.2.3,FINAL COORDINATION LINE,LINE,E
847,,GFCPMOLI-------,2.X.2.1.5.2.4,INFILTRATION LINE,LINE,E
848,,GFCPMOLL-------,2.X.2.1.5.2.5,LIMIT OF ADVANCE,LINE,E
849,,GFCPMOLT-------,2.X.2.1.5.2.6,LINE OF DEPARTURE,LINE,E
850,,GFCPMOLC-------,2.X.2.1.5.2.7,LINE OF DEPARTURE/LINE OF CONTACT (LD/LC),LINE,E
851,,GFCPMOLP-------,2.X.2.1.5.2.8,PROBABLE LINE OF DEPLOYMENT (PLD),LINE,E
852,,GFCPMOLR-------,2.X.2.1.5.2.9,RAID,LINE,E
853,,GFCPMOOA-------,2.X.2.1.5.3.1,ASSAULT POSITION,AREA,E
854,,GFCPMOOTF------,2.X.2.1.5.3.2.1,FRIENDLY ATTACK POSITION,AREA,E
855,,GFCPMOOTC------,2.X.2.1.5.3.2.2,FRIENDLY OCCUPIED (ONLY IF A UNIT MUST STOP IN THE ATTACK POSITION),AREA,E
856,,GFCPMOOTP------,2.X.2.1.5.3.2.3,FRIENDLY PLANNED PROPOSED OR ON ORDER ,AREA,E
857,,GFCPMOOP-------,2.X.2.1.5.3.3,ATTACK BY FIRE POSITION,LINE,E
858,,GFCPMOOS-------,2.X.2.1.5.3.4,SUPPORT BY FIRE POSITION,LINE,E
859,,GFCPMOOJ-------,2.X.2.1.5.3.5,OBJECTIVE,AREA,E
860,,GFCPMOOX-------,2.X.2.1.5.3.6,PENETRATION BOX,AREA,E
861,,GFCPMOOR-------,2.X.2.1.5.3.7,RAID AREA,AREA,E
862,,GFCPMSGEF------,2.X.2.1.6.1.1.1,FRIENDLY,AREA,E
863,,GHCPMSGEY------,2.X.2.1.6.1.1.2,ENEMY,AREA,E
864,,GFCPMSGA-------,2.X.2.1.6.1.2,AMBUSH,LINE,E
865,,GFCPMSLA-------,2.X.2.1.6.2.1,AIR HEAD,LINE,E
866,,GFCPMSLB-------,2.X.2.1.6.2.2,BRIDGEHEAD,LINE,E
867,,GFCPMSLH-------,2.X.2.1.6.2.3,HOLDING LINE,LINE,E
868,,GFCPMSLR-------,2.X.2.1.6.2.4,RELEASE LINE,LINE,E
869,,GFCPMSAO-------,2.X.2.1.6.3.1,AREA OF OPERATIONS (AO),AREA,E
870,,GFCPMSAN-------,2.X.2.1.6.3.2,NAMED AREA OF INTEREST,AREA,E
871,,GFCPMSAT-------,2.X.2.1.6.3.3,TARGETED AREA OF INTEREST,AREA,E
872,,GFCPBOGB-------,2.X.2.2.1.1.1,BELT,LINE,E
873,,GFCPBOGL-------,2.X.2.2.1.1.2,LINE,LINE,E
874,,GFCPBOGZ-------,2.X.2.2.1.1.3,ZONE,AREA,E
875,,GFCPBOA--------,2.X.2.2.1.2,ABA TIS,LINE,E
876,,GFCPBOATO------,2.X.2.2.1.3.1,ANTITANK DITCH,LINE,E
877,,GFCPBOATM------,2.X.2.2.1.3.2,ANTITANK DITCH REINFORCED WITH ANTITANK MINES,LINE,E
878,,GFCPBOATD------,2.X.2.2.1.3.3,ANTITANK OBSTACLES TETRAHEDRONS DRAGON'S TEETH AND OTHER SIMILAR OBSTACLES,POINT,E
879,,GFCPBOATW------,2.X.2.2.1.3.4,ANTITANK WALL,LINE,E
880,,GFCPBOAB-------,2.X.2.2.1.4,BOOBY TRAP,POINT,E
881,,GFCPBOAMA------,2.X.2.2.1.5.1,ANTIPERSONNEL (AP) MINE,POINT,E
882,,GFCPBOAMT------,2.X.2.2.1.5.2,ANTITANK (AT) MINE,POINT,E
883,,GFCPBOAMD------,2.X.2.2.1.5.3,ANTITANK MINE WITH ANTIHANDLING DEVISE,POINT,E
884,,GFCPBOAMC------,2.X.2.2.1.5.4,ANTITANK MINE (ARROW SHOWS EFFECTS) CLAYMORE MINE,POINT,E
885,,GFCPBOAMU------,2.X.2.2.1.5.5,UNSPECIFIED MINE,POINT,E
886,,GFCPBOAMN------,2.X.2.2.1.5.6,MINE CLUSTER,POINT,E
887,,GFCPBOAMW------,2.X.2.2.1.5.7,WIDE AREA MINES,POINT,E
888,,GFCPBOAIP------,2.X.2.2.1.6.1,PLANNED MINEFIELD,POINT,E
889,,GFCPBOAIC------,2.X.2.2.1.6.2,COMPLETED MINEFIELD,POINT,E
890,,GFCPBOAIL------,2.X.2.2.1.6.3,ANTIPERSONNEL (AP) MINEFIELD,AREA,E
891,,GFCPBOAIG------,2.X.2.2.1.6.4,ANTITANK (AT) MINEFIELD WITH GAP,AREA,E
892,,GFCPBOAIN------,2.X.2.2.1.6.5,ANTITANK (AT) MINEFIELD,POINT,E
893,,GFCPBOAIS------,2.X.2.2.1.6.6,SCATTERABLE MINES,POINT,E
894,,GFCPBOAIH------,2.X.2.2.1.6.7,ANTIPERSONNEL (AP) MINEFIELD REINFORCED WITH SCATTERABLE WITH SELF-DESTRUCT DATE-TIME-GROUP,POINT,E
895,,GFCPBOAID------,2.X.2.2.1.6.8,SCATTERABLE MINEFIELD WITH SELF-DESTRUCT DATE-TIME-GROUP,POINT,E
896,,GFCPBOAIM------,2.X.2.2.1.6.9,MINED AREA,AREA,E
897,,GFCPBOAV-------,2.X.2.2.1.7,EXECUTED VOLCANO MINEFIELD,POINT,E
898,,GFCPBOAEB------,2.X.2.2.1.8.1,BLOCK,LINE,E
899,,GFCPBOAEF------,2.X.2.2.1.8.2,FIX,LINE,E
900,,GFCPBOAET------,2.X.2.2.1.8.3,TURN,LINE,E
901,,GFCPBOAED------,2.X.2.2.1.8.4,DISRUPT,LINE,E
902,,GFCPBOAF-------,2.X.2.2.1.9,OBSTACLE FREE AREA,AREA,E
903,,GFCPBOAFR------,2.X.2.2.1.9.1,OBSTACLE-RESTRICTED AREA,AREA,E
904,,GFCPBOAU-------,2.X.2.2.1.10,UN-EXPLODED ORDNANCE AREA,AREA,E
905,,GFCPBOARP------,2.X.2.2.1.11.1,ROADBLOCK PLANNED,LINE,E
906,,GFCPBOARE------,2.X.2.2.1.11.2,ROADBLOCK WITH EXPLOSIVES STATE OF READINESS 1(SAFE) ,LINE,E
907,,GFCPBOARS------,2.X.2.2.1.11.3,ROADBLOCK WITH EXPLOSIVES STATE OF READINESS 2 (ARMED BUT PASSABLE) ,LINE,E
908,,GFCPBOARC------,2.X.2.2.1.11.4,ROADBLOCK COMPLETED (EXECUTED),LINE,E
909,,GFCPBOAP-------,2.X.2.2.1.12,TRIP WIRE,LINE,E
910,,GFCPBOAWU------,2.X.2.2.1.13.1,UNSPECIFIED,LINE,E
911,,GFCPBOAWS------,2.X.2.2.1.13.2,SINGLE FENCE,LINE,E
912,,GFCPBOAWD------,2.X.2.2.1.13.3,DOUBLE FENCE,LINE,E
913,,GFCPBOAWA------,2.X.2.2.1.13.4,DOUBLE APRON FENCE,LINE,E
914,,GFCPBOAWL------,2.X.2.2.1.13.5,LOW WIRE FENCE,LINE,E
915,,GFCPBOAWH------,2.X.2.2.1.13.6,HIGH WIRE FENCE,LINE,E
916,,GFCPBOAWC------,2.X.2.2.1.13.7,SINGLE CONCERTINA,LINE,E
917,,GFCPBOAWB------,2.X.2.2.1.13.8,DOUBLE STRAND CONCERTINA,LINE,E
918,,GFCPBOAWR------,2.X.2.2.1.13.9,TRIPLE STRAND CONCERTINA,LINE,E
919,,GFCPBYOE-------,2.X.2.2.2.1.1,BYPASS EASY,LINE,E
920,,GFCPBYOD-------,2.X.2.2.2.1.2,BYPASS DIFFICULT,LINE,E
921,,GFCPBYOI-------,2.X.2.2.2.1.3,BYPASS IMPOSSIBLE,LINE,E
922,,GFCPBYCA-------,2.X.2.2.2.2.1,ASSAULT CROSSING AREA,LINE,E
923,,GFCPBYCB-------,2.X.2.2.2.2.2,BRIDGE OR GAP,LINE,E
924,,GFCPBYCF-------,2.X.2.2.2.2.3,FERRY,LINE,E
925,,GFCPBYCE-------,2.X.2.2.2.2.4,FORD/FORD EASY,LINE,E
926,,GFCPBYCD-------,2.X.2.2.2.2.5,FORD DIFFICULT,LINE,E
927,,GFCPBYCL-------,2.X.2.2.2.2.6,LANE,LINE,E
928,,GFCPBYCR-------,2.X.2.2.2.2.7,RAFT SITE,LINE,E
929,,GFCPBYCG-------,2.X.2.2.2.2.8,ENGINEER REGULATING POINT,POINT,E
930,,GFCPBSE--------,2.X.2.2.3.1,EARTHWORK SMALL TRENCH OR FORTIFICATION ,POINT,E
931,,GFCPBSF--------,2.X.2.2.3.2,FORT,POINT,E
932,,GFCPBSL--------,2.X.2.2.3.3,FORTIFIED LINE,LINE,E
933,,GFCPBSW--------,2.X.2.2.3.4,FOXHOLE EMPLACEMENT OR WEAPON SITE ,POINT,E
934,,GFCPBSP--------,2.X.2.2.3.5,STRONG POINT,AREA,E
935,,GFCPBSH--------,2.X.2.2.3.6,SURFACE SHELTER,POINT,E
936,,GFCPBSU--------,2.X.2.2.3.7,UNDERGROUND SHELTER,POINT,E
937,,GFCPBWM--------,2.X.2.2.4.1,MINIMUM SAFE DISTANCE ZONES,POINT,E
938,,GFCPBWN--------,2.X.2.2.4.2,NUCLEAR DETONATIONS FRIENDLY GROUND ZERO,POINT,E
939,,GHCPBWE--------,2.X.2.2.4.3,ENEMY KNOWN GROUND ZERO,POINT,E
940,,GHCPBWI--------,2.X.2.2.4.4,ENEMY TEMPLATED,POINT,E
941,,GFCPBWF--------,2.X.2.2.4.5,FRIENDLY PLANNED OR ON-ORDER,POINT,E
942,,GFCPBWP--------,2.X.2.2.4.6,FALLOUT PRODUCING,POINT,E
943,,GFCPBWR--------,2.X.2.2.4.7,RADIOACTIVE AREA,AREA,E
944,,GFCPBWC--------,2.X.2.2.4.8,BIOLOGICALLY CONTAMINATED AREA,AREA,E
945,,GFCPBWH--------,2.X.2.2.4.9,CHEMICALLY CONTAMINATED AREA,AREA,E
946,,GFCPBWK--------,2.X.2.2.4.10,BIOLOGICAL AND CHEMICAL ATTACK RELEASE EVENTS ,POINT,E
947,,GFCPBWDP-------,2.X.2.2.4.11.1,DECON SITE/POINT (UNSPECIFIED),POINT,E
948,,GFCPBWDA-------,2.X.2.2.4.11.2,ALTERNATE DECON SITE/POINT (UNSPECIFIED),POINT,E
949,,GFCPBWDT-------,2.X.2.2.4.11.3,DECON SITE/POINT (TROOPS),POINT,E
950,,GFCPBWDE-------,2.X.2.2.4.11.4,DECON SITE/POINT (EQUIPMENT),POINT,E
951,,GFCPBWDS-------,2.X.2.2.4.11.5,DECON SITE/POINT (EQUIPMENT AND TROOPS),POINT,E
952,,GFCPBWDO-------,2.X.2.2.4.11.6,DECON SITE/POINT (OPERATIONAL DECONTAMINATION),POINT,E
953,,GFCPBWDG-------,2.X.2.2.4.11.7,DECON SITE/POINT (THOROUGH DECONTAMINATION),POINT,E
954,,GFCPBWDEM------,2.X.2.2.4.11.8,DECON POINT (MAIN) EQUIPMENT,POINT,E
955,,GFCPBWDTF------,2.X.2.2.4.11.9,DECON POINT (FORWARD) TROOPS,POINT,E
956,,GFCPBWR--------,2.X.2.2.4.12,DOSE RATE CONTOUR LINES,AREA,E
957,,GFCPFSTP-------,2.X.2.3.1.1.1,POINT /SINGLE TARGET,POINT,E
958,,GFCPFSTC-------,2.X.2.3.1.1.2,CIRCULAR TARGET,POINT,E
959,,GFCPFSS--------,2.X.2.3.1.2,FIRE SUPPORT STATION,POINT,E
960,,GFCPFLC--------,2.X.2.3.2.1,FIRE SUPPORT COORDINATION LINE (FSCL),LINE,E
961,,GFCPFLF--------,2.X.2.3.2.2,COORDINATION FIRE LINE (CFL),LINE,E
962,,GFCPFLT--------,2.X.2.3.2.3,LINEAR TARGET,LINE,E
963,,GFCPFLTP-------,2.X.2.3.2.3.1,FINAL PROTECTIVE FIRE,LINE,E
964,,GFCPFLKP-------,2.X.2.3.2.4.1,PLANNED WITH DESIGNATED TIME SHOWN,AREA,E
965,,GFCPFLKS-------,2.X.2.3.2.4.2,SMOKE (ACTUALLY IN PLACE),AREA,E
966,,GFCPFLKT-------,2.X.2.3.2.4.3,LINEAR SMOKE TARGET,LINE,E
967,,GFCPFLN--------,2.X.2.3.2.5,NO FIRE LINE,LINE,E
968,,GFCPFLR--------,2.X.2.3.2.6,RESTRICTED FIRE LINE (RFL),LINE,E
969,,GFCPFAS--------,2.X.2.3.3.1,FIRE SUPPORT AREA,AREA,E
970,,GFCPFAC--------,2.X.2.3.3.2,AIRSPACE COORDINATION AREA,AREA,E
971,,GFCPFAT--------,2.X.2.3.3.3,AREA TARGET,AREA,E
972,,GFCPFARS-------,2.X.2.3.3.4.1,SERIES OF TARGETS USING REGULAR TARGETS,AREA,E
973,,GFCPFARU-------,2.X.2.3.3.4.2,SERIES OF TARGETS USING RECTANGULAR TARGETS,AREA,E
974,,GFCPFAB--------,2.X.2.3.3.5,BOMB AREA,AREA,E
975,,GFCPFAI--------,2.X.2.3.3.6,FREE FIRE AREA (FFA),AREA,E
976,,GFCPFAZT-------,2.X.2.3.3.7.1,GROUP OF TARGETS USING REGULAR TARGETS,AREA,E
977,,GFCPFAZU-------,2.X.2.3.3.7.2,GROUP OF TARGETS USING RECTANGULAR TARGETS,AREA,E
978,,GFCPFAN--------,2.X.2.3.3.8,NO FIRE AREA,AREA,E
979,,GFCPFAU--------,2.X.2.3.3.9,NUCLEAR TARGET,POINT,E
980,,GFCPFAD--------,2.X.2.3.3.10,RESTRICTED FIRE AREA (RFA),AREA,E
981,,GFCPFAP--------,2.X.2.3.3.11,POSITION AREA FOR ARTILLERY (PAA),AREA,E
982,,GFCPFATA-------,2.X.2.3.3.12,TARGET ACQUISITION AREA (TAA),AREA,E
983,,GFCPSPA--------,2.X.2.4.1.1,AMBULANCE EXCHANGE POINT,POINT,E
984,,GFCPSPC--------,2.X.2.4.1.2,CANNIBALIZATION POINT,POINT,E
985,,GFCPSPY--------,2.X.2.4.1.3,CASUALTY COLLECTION POINT,POINT,E
986,,GFCPSPT--------,2.X.2.4.1.4,CIVILIAN COLLECTION POINT,POINT,E
987,,GFCPSPD--------,2.X.2.4.1.5,DETAINEE COLLECTION POINT,POINT,E
988,,GFCPSPE--------,2.X.2.4.1.6,ENEMY PRISONER OF WAR (EPW) COLLECTION POINT,POINT,E
989,,GFCPSPL--------,2.X.2.4.1.7,LOGISTICS RELEASE POINT (LRP),POINT,E
990,,GFCPSPM--------,2.X.2.4.1.8,MAINTENANCE COLLECTION POINT,POINT,E
991,,GFCPSPR--------,2.X.2.4.1.9,REARM REFUEL AND RE-SUPPLY POINT ,POINT,E
992,,GFCPSPU--------,2.X.2.4.1.10,REFUEL ON THE MOVE (ROM) POINT,POINT,E
993,,GFCPSPO--------,2.X.2.4.1.11,TRAFFIC CONTROL POST (TCP),POINT,E
994,,GFCPSPI--------,2.X.2.4.1.12,TRAILER TRANSFER POINT,POINT,E
995,,GFCPSPN--------,2.X.2.4.1.13,UNIT MAINTENANCE COLLECTION POINT,POINT,E
996,,GFCPSPQT-------,2.X.2.4.1.14.1,GENERAL,POINT,E
997,,GFCPSPQA-------,2.X.2.4.1.14.2,CLASS I,POINT,E
998,,GFCPSPQB-------,2.X.2.4.1.14.3,CLASS II,POINT,E
999,,GFCPSPQC-------,2.X.2.4.1.14.4,CLASS III,POINT,E
1000,,GFCPSPQD-------,2.X.2.4.1.14.5,CLASS IV,POINT,E
1001,,GFCPSPQE-------,2.X.2.4.1.14.6,CLASS V,POINT,E
1002,,GFCPSPQF-------,2.X.2.4.1.14.7,CLASS VI,POINT,E
1003,,GFCPSPQG-------,2.X.2.4.1.14.8,CLASS VII,POINT,E
1004,,GFCPSPQH-------,2.X.2.4.1.14.9,CLASS VIII,POINT,E
1005,,GFCPSPQI-------,2.X.2.4.1.14.10,CLASS IX,POINT,E
1006,,GFCPSPQJ-------,2.X.2.4.1.14.11,CLASS X,POINT,E
1007,,GFCPSPMA-------,2.X.2.4.1.15.1,AMMUNITION SUPPLY POINT (ASP),POINT,E
1008,,GFCPSPMT-------,2.X.2.4.1.15.2,AMMUNITION TRANSFER POINT (ATP),POINT,E
1009,,GFCPSLCM-------,2.X.2.4.2.1.1,MOVING CONVOY,LINE,E
1010,,GFCPSLCH-------,2.X.2.4.2.1.2,HALTED CONVOY,LINE,E
1011,,GFCPSLRM-------,2.X.2.4.2.2.1,MAIN SUPPLY ROUTE,LINE,E
1012,,GFCPSLRA-------,2.X.2.4.2.2.2,ALTERNATE SUPPLY ROUTE,LINE,E
1013,,GFCPSLRO-------,2.X.2.4.2.2.3,ONE-WAY TRAFFIC,LINE,E
1014,,GFCPSLRT-------,2.X.2.4.2.2.4,ALTERNATING TRAFFIC,LINE,E
1015,,GFCPSLRW-------,2.X.2.4.2.2.5,TWO-WAY TRAFFIC,LINE,E
1016,,GFCPSAD--------,2.X.2.4.3.1,DETAINEE HOLDING AREA,AREA,E
1017,,GFCPSAP--------,2.X.2.4.3.2,ENEMY PRISONER OF WAR (EPW) HOLDING AREA,AREA,E
1018,,GFCPSAR--------,2.X.2.4.3.3,FORWARD ARMING AND REFUELLING AREA (FARP),AREA,E
1019,,GFCPSAH--------,2.X.2.4.3.4,REFUGEE HOLDING AREA,AREA,E
1020,,GFCPSATB-------,2.X.2.4.3.5.1,BRIGADE (BSA),AREA,E
1021,,GFCPSATD-------,2.X.2.4.3.5.2,DIVISION (DSA),AREA,E
1022,,GFCPSATR-------,2.X.2.4.3.5.3,REGIMENTAL (RSA),AREA,E
1023,,GFCPSARR-------,2.X.2.4.3.6,REST (RA),AREA,E
1024,,GFCPOX---------,2.X.2.5.1,SPECIAL POINT,POINT,E
1025,,GFCPOXRN-------,2.X.2.5.1.1.1,NAV REFERENCE,POINT,E
1026,,GFCPOXRD-------,2.X.2.5.1.1.2,DLRP,POINT,E
1027,,GFCPOXUD-------,2.X.2.5.1.2.1,DATUM,POINT,E
1028,,GFCPOXUB-------,2.X.2.5.1.2.2,BRIEF CONTACT,POINT,E
1029,,GFCPOXUL-------,2.X.2.5.1.2.3,LOST CONTACT,POINT,E
1030,,GFCPOXUS-------,2.X.2.5.1.2.4,SINKER,POINT,E
1031,,GFCPOXWA-------,2.X.2.5.1.3.1,AIM POINT,POINT,E
1032,,GFCPOXWD-------,2.X.2.5.1.3.2,DROP POINT,POINT,E
1033,,GFCPOXWE-------,2.X.2.5.1.3.3,ENTRY POINT,POINT,E
1034,,GFCPOXWG-------,2.X.2.5.1.3.4,GROUND ZERO,POINT,E
1035,,GFCPOXWM-------,2.X.2.5.1.3.5,MSL DETECT POINT,POINT,E
1036,,GFCPOXWI-------,2.X.2.5.1.3.6,IMPACT POINT,POINT,E
1037,,GFCPOXWP-------,2.X.2.5.1.3.7,PREDICTED IMPACT POINT,POINT,E
1038,,GFCPOXY--------,2.X.2.5.1.4,SONOBUOY,POINT,E
1039,,GFCPOXYP-------,2.X.2.5.1.4.1,PATTERN CENTRE,POINT,E
1040,,GFCPOXYD-------,2.X.2.5.1.4.2,DIFAR,POINT,E
1041,,GFCPOXYL-------,2.X.2.5.1.4.3,LOFAR,POINT,E
1042,,GFCPOXYC-------,2.X.2.5.1.4.4,CASS,POINT,E
1043,,GFCPOXYS-------,2.X.2.5.1.4.5,DICASS,POINT,E
1044,,GFCPOXYB-------,2.X.2.5.1.4.6,BT,POINT,E
1045,,GFCPOXYA-------,2.X.2.5.1.4.7,ANM,POINT,E
1046,,GFCPOXYV-------,2.X.2.5.1.4.8,VLAD,POINT,E
1047,,GFCPOXYT-------,2.X.2.5.1.4.9,ATAC,POINT,E
1048,,GFCPOXYR-------,2.X.2.5.1.4.10,RO,POINT,E
1049,,GFCPOXYK-------,2.X.2.5.1.4.11,KINGPIN,POINT,E
1050,,GFCPOXN--------,2.X.2.5.1.5,FORMA TION,POINT,E
1051,,GFCPOXH--------,2.X.2.5.1.6,HARBOUR,POINT,E
1052,,GFCPOXHQ-------,2.X.2.5.1.6.1,POINT Q,POINT,E
1053,,GFCPOXHA-------,2.X.2.5.1.6.2,POINT A,POINT,E
1054,,GFCPOXHY-------,2.X.2.5.1.6.3,POINT Y,POINT,E
1055,,GFCPOXHX-------,2.X.2.5.1.6.4,POINT X,POINT,E
1056,,GFCPOXR--------,2.X.2.5.1.7,ROUTE,POINT,E
1057,,GFCPOXRR-------,2.X.2.5.1.7.1,RENDEZVOUS,POINT,E
1058,,GFCPOXRD-------,2.X.2.5.1.7.2,DIVERSIONS,POINT,E
1059,,GFCPOXRW-------,2.X.2.5.1.7.3,WAYPOINT,POINT,E
1060,,GFCPOXRP-------,2.X.2.5.1.7.4,PIM,POINT,E
1061,,GFCPOXRT-------,2.X.2.5.1.7.5,POINT R,POINT,E
1062,,GFCPOXSTC------,2.X.2.5.1.8.1,COMBATANT STATION,POINT,E
1063,,GFCPOXSTCP-----,2.X.2.5.1.8.1.1,PICKET STATION,POINT,E
1064,,GFCPOXSTCA-----,2.X.2.5.1.8.1.2,ASW SHIP STATION,POINT,E
1065,,GFCPOXSTR------,2.X.2.5.1.8.2,REPLENISHMENT AT SEA (RAS) STATION,POINT,E
1066,,GFCPOXSTH-----,2.X.2.5.1.8.3,RESCUE STATION,POINT,E
1067,,GFCPOXSTS------,2.X.2.5.1.8.4,SUBMARINE STATION,POINT,E
1068,,GFCPOXSTSA-----,2.X.2.5.1.8.5,ASW SUBMARINE STATION,POINT,E
1069,,GFCPOXS--------,2.X.2.5.1.9,SEARCH,POINT,E
1070,,GFCPOXSA-------,2.X.2.5.1.9.1,SEARCH AREA,POINT,E
1071,,GFCPOXSD-------,2.X.2.5.1.9.2,DIP POSITION,POINT,E
1072,,GFCPOXSC-------,2.X.2.5.1.9.3,SEARCH CENTRE,POINT,E
1073,,GFCPOXAC-------,2.X.2.5.1.10.1,COMBAT AIR PATROL (CAP),POINT,E
1074,,GFCPOXAA-------,2.X.2.5.1.10.2,AIRBORNE EARLY WARNING (AEW),POINT,E
1075,,GFCPOXAT-------,2.X.2.5.1.10.3,TACAN,POINT,E
1076,,GFCPOXAK-------,2.X.2.5.1.10.4,TANKING,POINT,E
1077,,GFCPOXAF-------,2.X.2.5.1.10.5,ANTISUBMARINE WARFARE FIXED WING,POINT,E
1078,,GFCPOXAH-------,2.X.2.5.1.10.6,ANTISUBMARINE WARFARE ROTARY WING,POINT,E
1079,,GFCPOXAO-------,2.X.2.5.1.10.7,TOMCAT,POINT,E
1080,,GFCPOXAR-------,2.X.2.5.1.10.8,RESCUE,POINT,E
1081,,GFCPOXAP-------,2.X.2.5.1.10.9,REPLENISH,POINT,E
1082,,GFCPOXAM-------,2.X.2.5.1.10.10,MARSHALL,POINT,E
1083,,GFCPOXAS-------,2.X.2.5.1.10.11,STRIKE IP,POINT,E
1084,,GFCPOXAD-------,2.X.2.5.1.10.12,CORRIDOR TAB,POINT,E
1085,,GFCPOG---------,2.X.2.5.2,GENERAL OR UNSPECIFIED COMMAND AND CONTROL POINT,POINT,E
1086,,GFCPOGC--------,2.X.2.5.2.1,CHECKPOINT,POINT,E
1087,,GFCPOGP--------,2.X.2.5.2.2,CONTACT POINT,POINT,E
1088,,GFCPOGT--------,2.X.2.5.2.3,COORDINATION POINT,POINT,E
1089,,GFCPOGD--------,2.X.2.5.2.4,DECISION POINT,POINT,E
1090,,GFCPOGL--------,2.X.2.5.2.5,LINKUP POINT,POINT,E
1091,,GFCPOGN--------,2.X.2.5.2.6,PASSAGE POINT,POINT,E
1092,,GFCPOGR--------,2.X.2.5.2.7,RALLY POINT,POINT,E
1093,,GFCPOGS--------,2.X.2.5.2.8,RELEASE POINT,POINT,E
1094,,GFCPOGI--------,2.X.2.5.2.9,START POINT,POINT,E
1095,,GFCPOGW--------,2.X.2.5.2.10,WAY POINT,POINT,E
1096,,GFCPOLN--------,2.X.2.5.3.1,LIGHT LINE,LINE,E
1097,,GFCPOLP--------,2.X.2.5.3.2,PHASE LINE,LINE,E
1098,,GFCPOAZ--------,2.X.2.5.4.1,AIRFIELD ZONE,AREA,E
1099,,GHOPVA---------,2.X.3.1.1,ARSON/FIRE,POINT,E
1100,,GHOPVR---------,2.X.3.1.2,ARTILLERY/ARTILLERY FIRE,POINT,E
1101,,GHOPVM---------,2.X.3.1.3,ASSASSINA TION/MURDER/ EXECUTION,POINT,E
1102,,GFOPVB---------,2.X.3.1.4,BOMB/BOMBING,POINT,E
1103,,GHOPVY---------,2.X.3.1.5,BOOBYTRAP,POINT,E
1104,,GHOPVD---------,2.X.3.1.6,DRIVE-BY SHOOTING,POINT,E
1105,,GHOPVI---------,2.X.3.1.7,INDIRECT FIRE (UNSPECIFIED TYPE),POINT,E
1106,,GHOPVM---------,2.X.3.1.8,MORTAR/MORTAR FIRE,POINT,E
1107,,GHOPVK---------,2.X.3.1.9,ROCKET/ROCKET FIRE,POINT,E
1108,,GHOPVS---------,2.X.3.1.10,SNIPING,POINT,E
1109,,GHOPVP---------,2.X.3.1.11,POISONING,POINT,E
1110,,GHOPVU---------,2.X.3.1.12,AMBUSH,POINT,E
1111,,GHOPVC---------,2.X.3.1.13,AMMUNITION CACHE,POINT,E
1112,,GHOPVH---------,2.X.3.1.14,HELICOPTER (CIVILIAN BEING USED BY HOSTILE OR INSURGENTS,POINT,E
1113,,GHOPVF---------,2.X.3.1.15,HOSTILE OR INSURGENT MOTORIZED INFANTRY,POINT,E
1114,,GHOPVO---------,2.X.3.1.16,HOSTILE OR INSURGENT INFANTRY,POINT,E
1115,,GHOPVL---------,2.X.3.1.17,RECONNAISSANCE/SURVEILLANC E,POINT,E
1116,,GHOPVX---------,2.X.3.1.18,SIGNAL/RADIO STATION,POINT,E
1117,,GHOPVZ---------,2.X.3.1.19,SUPPLY CACHE,POINT,E
1118,,GHOPLB---------,2.X.3.2.1,BLACK LIST LOCATION,POINT,E
1119,,GHOPLG---------,2.X.3.2.2,GRAY LIST LOCATION,POINT,E
1120,,GFOPLW---------,2.X.3.2.3,WHITE LIST LOCATION,POINT,E
1121,,GHOPPR---------,2.X.3.3.1,ROAD BLOCK,POINT,E
1122,,GHOPPRB--------,2.X.3.3.1.1,ROAD BLOCK (UNDER CONSTRUCTION),POINT,E
1123,,GHOPPT---------,2.X.3.3.2,PATROLLING,POINT,E
1124,,GHOPPC---------,2.X.3.3.3,RECRUITMENT (WILLING),POINT,E
1125,,GHOPPCU--------,2.X.3.3.3.1,RECRUITMENT (COERCED/IMPRESSED),POINT,E
1126,,GFOPPD---------,2.X.3.3.4,DEMONSTRATION,POINT,E
1127,,GHOPPM---------,2.X.3.3.5,MINELAYING,POINT,E
1128,,GHOPPH---------,2.X.3.3.6,PSYCHOLOGICAL OPERATIONS (PSYOP),POINT,E
1129,,GHOPPHY--------,2.X.3.3.6.1,PSYOP (TV AND RADIO PROPAGANDA),POINT,E
1130,,GFOPPHW--------,2.X.3.3.6.2,PSYOP (WRITTEN PROPAGANDA),POINT,E
1131,,GFOPPHG--------,2.X.3.3.6.3,WRITTEN PROPAGANDA,POINT,E
1132,,GFOPPHT--------,2.X.3.3.6.4,HOUSE-TO-HOUSE PROPAGANDA,POINT,E
1133,,GHOPPF---------,2.X.3.3.7,FORAGING/SEARCHING,POINT,E
1134,,GHOPPS---------,2.X.3.3.8,SPY,POINT,E
1135,,GNOPPF---------,2.X.3.3.9,FOOD DISTRIBUTION,POINT,E
1136,,GNOPPI---------,2.X.3.3.10,MEDICAL TREATMENT FACILITY,POINT,E
1137,,GHOPPE---------,2.X.3.3.11,ELECTRONIC WARFARE INTERCEPT,POINT,E
1138,,GHOPPX---------,2.X.3.3.12,EXTORTION,POINT,E
1139,,GHOPPJV--------,2.X.3.3.13.1,HIJACKING (VEHICLE),POINT,E
1140,,GHOPPJA--------,2.X.3.3.13.2,HIJACKING (AIRPLANE),POINT,E
1141,,GHOPPJB--------,2.X.3.3.13.3,HIJACKING (BOAT),POINT,E
1142,,GHOPPK---------,2.X.3.3.14,KIDNAPPING,POINT,E
1143,,GFOPPA---------,2.X.3.3.15,ARREST,POINT,E
1144,,GHOPPO---------,2.X.3.3.16,DRUG OPERATION,POINT,E
1145,,GFOPIR---------,2.X.3.4.1,REFUGEES,POINT,E
1146,,GFOPIS---------,2.X.3.4.2,SAFE HOUSE,POINT,E
1147,,GHOPIG---------,2.X.3.4.3,GRAFFITI,POINT,E
1148,,GHOPIV---------,2.X.3.4.4,VANDALISM/RAPE/LOOT/ RANSACK/PLUNDER/SACK,POINT,E
1149,,GHOPIK---------,2.X.3.4.5,KNOWN INSURGENT VEHICLE,POINT,E
1150,,GHOPID---------,2.X.3.4.6,DRUG VEHICLE,POINT,E
1151,,GFOPIF---------,2.X.3.4.7,INTERNAL SECURITY FORCE,POINT,E
1152,,W-A-PL---------,3.X.1.1,LOW PRESSURE CENTRE,POINT,F
1153,,W-A-PH---------,3.X.1.2,HIGH PRESSURE CENTRE,POINT,F
1154,,W-A-PFC--------,3.X.1.3.1,COLD FRONT,LINE,F
1155,,W-A-PFCU-------,3.X.1.3.1.1,UPPER COLD FRONT,LINE,F
1156,,W-A-PFW--------,3.X.1.3.2,WARM FRONT,LINE,F
1157,,W-A-PFWU-------,3.X.1.3.2.1,UPPER WARM FRONT,LINE,F
1158,,W-A-PFO--------,3.X.1.3.3,OCCLUDED FRONT,LINE,F
1159,,W-A-PFS--------,3.X.1.3.4,STATIONARY FRONT,LINE,F
1160,,W-A-PXT--------,3.X.1.4.1,TROUGH LINE,LINE,F
1161,,W-A-PXR--------,3.X.1.4.2,RIDGE LINE,LINE,F
1162,,W-A-PXS--------,3.X.1.4.3,SQUALL LINE,LINE,F
1163,,W-A-TL---------,3.X.2.1,LIGHT TURBULENCE,POINT,F
1164,,W-A-TM---------,3.X.2.2,MODERATE TURBULENCE,POINT,F
1165,,W-A-TS---------,3.X.2.3,SEVERE TURBULENCE,POINT,F
1166,,W-A-TE---------,3.X.2.4,EXTREME TURBULENCE,POINT,F
1167,,W-A-ICL--------,3.X.3.1.1,LIGHT CLEAR ICING,POINT,F
1168,,W-A-ICM--------,3.X.3.1.2,MODERATE CLEAR ICING,POINT,F
1169,,W-A-ICS--------,3.X.3.1.3,SEVERE CLEAR ICING,POINT,F
1170,,W-A-IRL--------,3.X.3.2.1,LIGHT RIME ICING,POINT,F
1171,,W-A-IRM--------,3.X.3.2.2,MODERATE RIME ICING,POINT,F
1172,,W-A-IRS--------,3.X.3.2.3,SEVERE RIME ICING,POINT,F
1173,,W-A-IML--------,3.X.3.3.1,LIGHT MIXED ICING,POINT,F
1174,,W-A-IMM--------,3.X.3.3.2,MODERATE MIXED ICING,POINT,F
1175,,W-A-IMS--------,3.X.3.3.3,SEVERE MIXED ICING,POINT,F
1176,,W-A-W----------,3.X.4,WIND BARB,POINT,F
1177,,W-A-WJ---------,3.X.4.1,JET STREAM,LINE,F
1178,,W-A-FI---------,3.X.5.1,INSTRUMENT CEILING,AREA,F
1179,,W-A-FV---------,3.X.5.2,VISUAL CEILING,AREA,F
1180,,W-A-CC---------,3.X.6.1,CLEAR SKY (SKC),POINT,F
1181,,W-A-CS---------,3.X.6.2,SCATTERED SKY (SCT),POINT,F
1182,,W-A-CB---------,3.X.6.3,BROKEN SKY (BKN),POINT,F
1183,,W-A-CW---------,3.X.6.4,OVERCAST WITH BREAKS,POINT,F
1184,,W-A-CO---------,3.X.6.5,OVERCAST (OVC),POINT,F
1185,,W-A-CP---------,3.X.6.6,SKY OBSCURED OR PARTIALLY OBSCURED,POINT,F
1186,,W-A-PR---------,3.X.7.1,RAIN (RA),POINT,F
1187,,W-A-PRS--------,3.X.7.1.1,RAIN SHOWER,POINT,F
1188,,W-A-PRF--------,3.X.7.1.2,FREEZING RAIN (FZRA),POINT,F
1189,,W-A-PRD--------,3.X.7.1.3,DRIZZLE (DZ),POINT,F
1190,,W-A-PRDF-------,3.X.7.1.3.1,FREEZING DRIZZLE (FZDZ),POINT,F
1191,,W-A-PS---------,3.X.7.2,SNOW(SN),POINT,F
1192,,W-A-PSS--------,3.X.7.2.1,SNOW SHOWERS,POINT,F
1193,,W-A-PSG--------,3.X.7.2.2,SNOW GRAINS (SG),POINT,F
1194,,W-A-PH---------,3.X.7.3,HAIL,POINT,F
1195,,W-A-PI---------,3.X.7.4,ICE PELLETS (PE),POINT,F
1196,,W-A-PC---------,3.X.7.5,ICE CRYSTALS (IC),POINT,F
1197,,W-A-ST---------,3.X.8.1,THUNDERSTORMS (TS),POINT,F
1198,,W-A-STR--------,3.X.8.1.1,THUNDERSTORM (TS) WITH RAIN(RA) ,POINT,F
1199,,W-A-STF--------,3.X.8.1.2,FUNNEL CLOUD (FC)/TORNADO/WATERSPOUT,POINT,F
1200,,W-A-STL--------,3.X.8.1.3,LIGHTNING (LTG),POINT,F
1201,,W-A-SST--------,3.X.8.2.1,TROPICAL STORM,POINT,F
1202,,W-A-SSH--------,3.X.8.2.2,HURRICANE,POINT,F
1203,,W-A-OS---------,3.X.9.1,BLOWING SNOW (BLSN),POINT,F
1204,,W-A-OF---------,3.X.9.2,FOG (FG),POINT,F
1205,,W-A-OFF--------,3.X.9.2.1,FREEZING FOG (FZFG),POINT,F
1206,,W-A-OT---------,3.X.9.3,DUST/SAND STORM,POINT,F
1207,,W-A-OD---------,3.X.9.4,DUST DEVIL,POINT,F
1208,,W-A-OK---------,3.X.9.5,SMOKE (FU),POINT,F
1209,,W-A-OH---------,3.X.9.6,HAZE (HZ),POINT,F
1210,,W-A-OB---------,3.X.9.7,BLOWING DUST OR SAND ,POINT,F
